<?xml version="1.0" encoding="UTF-8"?>

<Bundle xmlns="http://hl7.org/fhir">
  <id value="dc0722a6-1e77-4f3c-85fe-81915c9911cf"/>
  <meta>
    <lastUpdated value="2021-05-05T21:26:09.938-04:00"/>
  </meta>
  <type value="collection"/>
  <entry>
    <fullUrl value="http://saraalert.org/ValueSet/covid-19-vaccines"/>
    <resource>
      <ValueSet>
        <id value="covid-19-vaccines"/>
        <text>
          <status value="generated"/>
          <div xmlns="http://www.w3.org/1999/xhtml">
            <p>This value set contains 4 concepts</p>
            <div style="border: maroon 1px solid; background-color: #FFCCCC; padding: 8px">
              <p>Warning: this expansion is generated from fragments of the following code systems, and may be missing codes, or include codes that are not valid:</p>
              <ul>
                <li>
                  <a href="http://terminology.hl7.org/2.0.0/CodeSystem-CVX.html">PH_VaccinesAdministeredCVX_CDC_NIP</a>
                </li>
                <li>
                  <a href="http://terminology.hl7.org/2.0.0/CodeSystem-CVX.html">PH_VaccinesAdministeredCVX_CDC_NIP</a>
                </li>
                <li>
                  <a href="http://terminology.hl7.org/2.0.0/CodeSystem-CVX.html">PH_VaccinesAdministeredCVX_CDC_NIP</a>
                </li>
              </ul>
            </div>
            <div style="border: black 1px dotted; background-color: #EEEEEE; padding: 8px; margin-bottom: 8px">
              <p>Expansion based on: </p>
              <ul>
                <li>
                  <a href="http://terminology.hl7.org/2.0.0/CodeSystem-v3-NullFlavor.html">NullFlavor v2.0.0 (CodeSystem)</a>
                </li>
                <li>
                  <a href="http://terminology.hl7.org/2.0.0/CodeSystem-CVX.html">PH_VaccinesAdministeredCVX_CDC_NIP v2.ext.0 (CodeSystem)</a>
                </li>
              </ul>
            </div>
            <table class="codes">
              <tr>
                <td style="white-space:nowrap">
                  <b>Code</b>
                </td>
                <td>
                  <b>System</b>
                </td>
                <td>
                  <b>Display</b>
                </td>
                <td>
                  <b>Definition</b>
                </td>
              </tr>
              <tr>
                <td style="white-space:nowrap">
                  <a name="http---hl7.org-fhir-sid-cvx-207"> </a>207
                </td>
                <td>http://hl7.org/fhir/sid/cvx</td>
                <td>Moderna COVID-19 Vaccine</td>
                <td/>
              </tr>
              <tr>
                <td style="white-space:nowrap">
                  <a name="http---hl7.org-fhir-sid-cvx-208"> </a>208
                </td>
                <td>http://hl7.org/fhir/sid/cvx</td>
                <td>Pfizer COVID-19 Vaccine</td>
                <td/>
              </tr>
              <tr>
                <td style="white-space:nowrap">
                  <a name="http---hl7.org-fhir-sid-cvx-212"> </a>212
                </td>
                <td>http://hl7.org/fhir/sid/cvx</td>
                <td>Janssen COVID-19 Vaccine</td>
                <td/>
              </tr>
              <tr>
                <td style="white-space:nowrap">
                  <a name="http---terminology.hl7.org-CodeSystem-v3-NullFlavor-UNK"> </a>
                  <a href="http://terminology.hl7.org/2.0.0/CodeSystem-v3-NullFlavor.html#v3-NullFlavor-UNK">UNK</a>
                </td>
                <td>http://terminology.hl7.org/CodeSystem/v3-NullFlavor</td>
                <td>unknown</td>
                <td>**Description:**A proper value is applicable, but not known.

**Usage Notes**: This means the actual value is not known. If the only thing that is unknown is how to properly express the value in the necessary constraints (value set, datatype, etc.), then the OTH or UNC flavor should be used. No properties should be included for a datatype with this property unless:

1.  Those properties themselves directly translate to a semantic of &quot;unknown&quot;. (E.g. a local code sent as a translation that conveys &#39;unknown&#39;)
2.  Those properties further qualify the nature of what is unknown. (E.g. specifying a use code of &quot;H&quot; and a URL prefix of &quot;tel:&quot; to convey that it is the home phone number that is unknown.)</td>
              </tr>
            </table>
          </div>
        </text>
        <url value="http://saraalert.org/ValueSet/covid-19-vaccines"/>
        <version value="1.0.0"/>
        <name value="COVID19VaccinesValueSet"/>
        <title value="COVID-19 Vaccines Value Set"/>
        <status value="active"/>
        <date value="2021-05-05T21:26:09-04:00"/>
        <publisher value="The MITRE Corporation"/>
        <contact>
          <name value="The MITRE Corporation"/>
          <telecom>
            <system value="url"/>
            <value value="http://www.mitre.org"/>
          </telecom>
        </contact>
        <expansion>
          <extension url="http://hl7.org/fhir/tools/StructureDefinition/expansion-codesystem-fragment">
            <valueUri value="http://hl7.org/fhir/sid/cvx"/>
          </extension>
          <extension url="http://hl7.org/fhir/tools/StructureDefinition/expansion-codesystem-fragment">
            <valueUri value="http://hl7.org/fhir/sid/cvx"/>
          </extension>
          <extension url="http://hl7.org/fhir/tools/StructureDefinition/expansion-codesystem-fragment">
            <valueUri value="http://hl7.org/fhir/sid/cvx"/>
          </extension>
          <identifier value="urn:uuid:ca764e25-1af2-4597-85bb-619902078c29"/>
          <timestamp value="2021-05-05T21:26:30-04:00"/>
          <total value="4"/>
          <parameter>
            <name value="excludeNested"/>
            <valueBoolean value="false"/>
          </parameter>
          <parameter>
            <name value="version"/>
            <valueUri value="http://hl7.org/fhir/sid/cvx|2.ext.0"/>
          </parameter>
          <parameter>
            <name value="version"/>
            <valueUri value="http://terminology.hl7.org/CodeSystem/v3-NullFlavor|2.0.0"/>
          </parameter>
          <contains>
            <system value="http://hl7.org/fhir/sid/cvx"/>
            <code value="207"/>
            <display value="Moderna COVID-19 Vaccine"/>
          </contains>
          <contains>
            <system value="http://hl7.org/fhir/sid/cvx"/>
            <code value="208"/>
            <display value="Pfizer COVID-19 Vaccine"/>
          </contains>
          <contains>
            <system value="http://hl7.org/fhir/sid/cvx"/>
            <code value="212"/>
            <display value="Janssen COVID-19 Vaccine"/>
          </contains>
          <contains>
            <system value="http://terminology.hl7.org/CodeSystem/v3-NullFlavor"/>
            <code value="UNK"/>
            <display value="unknown"/>
          </contains>
        </expansion>
      </ValueSet>
    </resource>
  </entry>
</Bundle>