<?xml version="1.0" encoding="UTF-8"?>

<Bundle xmlns="http://hl7.org/fhir">
  <id value="cf4765a2-65fc-4675-a501-0e826060c009"/>
  <meta>
    <lastUpdated value="2021-10-06T18:59:21.561-05:00"/>
  </meta>
  <type value="collection"/>
  <entry>
    <fullUrl value="http://saraalert.org/ValueSet/SaraAlertLabResult"/>
    <resource>
      <ValueSet>
        <id value="SaraAlertLabResult"/>
        <text>
          <status value="generated"/>
          <div xmlns="http://www.w3.org/1999/xhtml">
            <p>This value set contains 4 concepts</p>
            <div style="border: black 1px dotted; background-color: #EEEEEE; padding: 8px; margin-bottom: 8px">
              <p>Expansion based on: </p>
              <ul>
                <li>
                  <a href="http://terminology.hl7.org/2.1.0/CodeSystem-v3-NullFlavor.html">NullFlavor v2.0.0 (CodeSystem)</a>
                </li>
                <li>SNOMED CT International edition 31-Jul 2021</li>
              </ul>
            </div>
            <table class="codes">
              <tr>
                <td style="white-space:nowrap">
                  <b>Code</b>
                </td>
                <td>
                  <b>System</b>
                </td>
                <td>
                  <b>Display</b>
                </td>
                <td>
                  <b>Definition</b>
                </td>
              </tr>
              <tr>
                <td style="white-space:nowrap">
                  <a name="http---snomed.info-sct-10828004"> </a>
                  <a href="http://browser.ihtsdotools.org/?perspective=full&amp;conceptId1=10828004">10828004</a>
                </td>
                <td>http://snomed.info/sct</td>
                <td>Positive</td>
                <td/>
              </tr>
              <tr>
                <td style="white-space:nowrap">
                  <a name="http---snomed.info-sct-260385009"> </a>
                  <a href="http://browser.ihtsdotools.org/?perspective=full&amp;conceptId1=260385009">260385009</a>
                </td>
                <td>http://snomed.info/sct</td>
                <td>Negative</td>
                <td/>
              </tr>
              <tr>
                <td style="white-space:nowrap">
                  <a name="http---snomed.info-sct-82334004"> </a>
                  <a href="http://browser.ihtsdotools.org/?perspective=full&amp;conceptId1=82334004">82334004</a>
                </td>
                <td>http://snomed.info/sct</td>
                <td>Indeterminate</td>
                <td/>
              </tr>
              <tr>
                <td style="white-space:nowrap">
                  <a name="http---terminology.hl7.org-CodeSystem-v3-NullFlavor-OTH"> </a>
                  <a href="http://terminology.hl7.org/2.1.0/CodeSystem-v3-NullFlavor.html#v3-NullFlavor-OTH">OTH</a>
                </td>
                <td>http://terminology.hl7.org/CodeSystem/v3-NullFlavor</td>
                <td>other</td>
                <td>**Description:**The actual value is not a member of the set of permitted data values in the constrained value domain of a variable. (e.g., concept not provided by required code system).

**Usage Notes**: This flavor and its specializations are most commonly used with the CD datatype and its flavors. However, it may apply to \*any\* datatype where the constraints of the type are tighter than can be conveyed. For example, a PQ that is for a true measured amount whose units are not supported in UCUM, a need to convey a REAL when the type has been constrained to INT, etc.

With coded datatypes, this null flavor may only be used if the vocabulary binding has a coding strength of CNE. By definition, all local codes and original text are part of the value set if the coding strength is CWE.</td>
              </tr>
            </table>
          </div>
        </text>
        <url value="http://saraalert.org/ValueSet/SaraAlertLabResult"/>
        <version value="1.0.0"/>
        <name value="SaraAlertLabResult"/>
        <status value="active"/>
        <date value="2021-10-06T18:59:21-05:00"/>
        <publisher value="The MITRE Corporation"/>
        <contact>
          <name value="The MITRE Corporation"/>
          <telecom>
            <system value="url"/>
            <value value="http://www.mitre.org"/>
          </telecom>
        </contact>
        <expansion>
          <identifier value="urn:uuid:9690c71e-d43d-4e73-84a4-3badc0ca39ea"/>
          <timestamp value="2021-10-06T18:59:42-05:00"/>
          <total value="4"/>
          <parameter>
            <name value="excludeNested"/>
            <valueBoolean value="false"/>
          </parameter>
          <parameter>
            <name value="limitedExpansion"/>
            <valueBoolean value="true"/>
          </parameter>
          <parameter>
            <name value="version"/>
            <valueString value="http://snomed.info/sct|http://snomed.info/sct/900000000000207008/version/20210731"/>
          </parameter>
          <parameter>
            <name value="version"/>
            <valueUri value="http://terminology.hl7.org/CodeSystem/v3-NullFlavor|2.0.0"/>
          </parameter>
          <contains>
            <system value="http://snomed.info/sct"/>
            <code value="10828004"/>
            <display value="Positive"/>
          </contains>
          <contains>
            <system value="http://snomed.info/sct"/>
            <code value="260385009"/>
            <display value="Negative"/>
          </contains>
          <contains>
            <system value="http://snomed.info/sct"/>
            <code value="82334004"/>
            <display value="Indeterminate"/>
          </contains>
          <contains>
            <system value="http://terminology.hl7.org/CodeSystem/v3-NullFlavor"/>
            <code value="OTH"/>
            <display value="other"/>
          </contains>
        </expansion>
      </ValueSet>
    </resource>
  </entry>
  <entry>
    <fullUrl value="http://saraalert.org/ValueSet/SaraAlertSexualOrientation"/>
    <resource>
      <ValueSet>
        <id value="SaraAlertSexualOrientation"/>
        <text>
          <status value="generated"/>
          <div xmlns="http://www.w3.org/1999/xhtml">
            <p>This value set contains 6 concepts</p>
            <div style="border: black 1px dotted; background-color: #EEEEEE; padding: 8px; margin-bottom: 8px">
              <p>Expansion based on: </p>
              <ul>
                <li>
                  <a href="http://terminology.hl7.org/2.1.0/CodeSystem-v3-NullFlavor.html">NullFlavor v2.0.0 (CodeSystem)</a>
                </li>
                <li>SNOMED CT International edition 31-Jul 2021</li>
              </ul>
            </div>
            <table class="codes">
              <tr>
                <td style="white-space:nowrap">
                  <b>Code</b>
                </td>
                <td>
                  <b>System</b>
                </td>
                <td>
                  <b>Display</b>
                </td>
                <td>
                  <b>Definition</b>
                </td>
              </tr>
              <tr>
                <td style="white-space:nowrap">
                  <a name="http---snomed.info-sct-38628009"> </a>
                  <a href="http://browser.ihtsdotools.org/?perspective=full&amp;conceptId1=38628009">38628009</a>
                </td>
                <td>http://snomed.info/sct</td>
                <td>Homosexuality</td>
                <td/>
              </tr>
              <tr>
                <td style="white-space:nowrap">
                  <a name="http---snomed.info-sct-20430005"> </a>
                  <a href="http://browser.ihtsdotools.org/?perspective=full&amp;conceptId1=20430005">20430005</a>
                </td>
                <td>http://snomed.info/sct</td>
                <td>Heterosexual state</td>
                <td/>
              </tr>
              <tr>
                <td style="white-space:nowrap">
                  <a name="http---snomed.info-sct-42035005"> </a>
                  <a href="http://browser.ihtsdotools.org/?perspective=full&amp;conceptId1=42035005">42035005</a>
                </td>
                <td>http://snomed.info/sct</td>
                <td>Bisexual state</td>
                <td/>
              </tr>
              <tr>
                <td style="white-space:nowrap">
                  <a name="http---terminology.hl7.org-CodeSystem-v3-NullFlavor-OTH"> </a>
                  <a href="http://terminology.hl7.org/2.1.0/CodeSystem-v3-NullFlavor.html#v3-NullFlavor-OTH">OTH</a>
                </td>
                <td>http://terminology.hl7.org/CodeSystem/v3-NullFlavor</td>
                <td>other</td>
                <td>**Description:**The actual value is not a member of the set of permitted data values in the constrained value domain of a variable. (e.g., concept not provided by required code system).

**Usage Notes**: This flavor and its specializations are most commonly used with the CD datatype and its flavors. However, it may apply to \*any\* datatype where the constraints of the type are tighter than can be conveyed. For example, a PQ that is for a true measured amount whose units are not supported in UCUM, a need to convey a REAL when the type has been constrained to INT, etc.

With coded datatypes, this null flavor may only be used if the vocabulary binding has a coding strength of CNE. By definition, all local codes and original text are part of the value set if the coding strength is CWE.</td>
              </tr>
              <tr>
                <td style="white-space:nowrap">
                  <a name="http---terminology.hl7.org-CodeSystem-v3-NullFlavor-UNK"> </a>
                  <a href="http://terminology.hl7.org/2.1.0/CodeSystem-v3-NullFlavor.html#v3-NullFlavor-UNK">UNK</a>
                </td>
                <td>http://terminology.hl7.org/CodeSystem/v3-NullFlavor</td>
                <td>unknown</td>
                <td>**Description:**A proper value is applicable, but not known.

**Usage Notes**: This means the actual value is not known. If the only thing that is unknown is how to properly express the value in the necessary constraints (value set, datatype, etc.), then the OTH or UNC flavor should be used. No properties should be included for a datatype with this property unless:

1.  Those properties themselves directly translate to a semantic of &quot;unknown&quot;. (E.g. a local code sent as a translation that conveys &#39;unknown&#39;)
2.  Those properties further qualify the nature of what is unknown. (E.g. specifying a use code of &quot;H&quot; and a URL prefix of &quot;tel:&quot; to convey that it is the home phone number that is unknown.)</td>
              </tr>
              <tr>
                <td style="white-space:nowrap">
                  <a name="http---terminology.hl7.org-CodeSystem-v3-NullFlavor-ASKU"> </a>
                  <a href="http://terminology.hl7.org/2.1.0/CodeSystem-v3-NullFlavor.html#v3-NullFlavor-ASKU">ASKU</a>
                </td>
                <td>http://terminology.hl7.org/CodeSystem/v3-NullFlavor</td>
                <td>asked but unknown</td>
                <td>Information was sought but not found (e.g., patient was asked but didn&#39;t know)</td>
              </tr>
            </table>
          </div>
        </text>
        <url value="http://saraalert.org/ValueSet/SaraAlertSexualOrientation"/>
        <version value="1.0.0"/>
        <name value="SaraAlertSexualOrientation"/>
        <status value="active"/>
        <date value="2021-10-06T18:59:21-05:00"/>
        <publisher value="The MITRE Corporation"/>
        <contact>
          <name value="The MITRE Corporation"/>
          <telecom>
            <system value="url"/>
            <value value="http://www.mitre.org"/>
          </telecom>
        </contact>
        <expansion>
          <identifier value="urn:uuid:2a24f48d-624a-4ffb-8710-578ffe84e4cf"/>
          <timestamp value="2021-10-06T18:59:43-05:00"/>
          <total value="6"/>
          <parameter>
            <name value="excludeNested"/>
            <valueBoolean value="false"/>
          </parameter>
          <parameter>
            <name value="limitedExpansion"/>
            <valueBoolean value="true"/>
          </parameter>
          <parameter>
            <name value="version"/>
            <valueString value="http://snomed.info/sct|http://snomed.info/sct/900000000000207008/version/20210731"/>
          </parameter>
          <parameter>
            <name value="version"/>
            <valueUri value="http://terminology.hl7.org/CodeSystem/v3-NullFlavor|2.0.0"/>
          </parameter>
          <contains>
            <system value="http://snomed.info/sct"/>
            <code value="38628009"/>
            <display value="Homosexuality"/>
          </contains>
          <contains>
            <system value="http://snomed.info/sct"/>
            <code value="20430005"/>
            <display value="Heterosexual state"/>
          </contains>
          <contains>
            <system value="http://snomed.info/sct"/>
            <code value="42035005"/>
            <display value="Bisexual state"/>
          </contains>
          <contains>
            <system value="http://terminology.hl7.org/CodeSystem/v3-NullFlavor"/>
            <code value="OTH"/>
            <display value="other"/>
          </contains>
          <contains>
            <system value="http://terminology.hl7.org/CodeSystem/v3-NullFlavor"/>
            <code value="UNK"/>
            <display value="unknown"/>
          </contains>
          <contains>
            <system value="http://terminology.hl7.org/CodeSystem/v3-NullFlavor"/>
            <code value="ASKU"/>
            <display value="asked but unknown"/>
          </contains>
        </expansion>
      </ValueSet>
    </resource>
  </entry>
  <entry>
    <fullUrl value="http://saraalert.org/ValueSet/SaraAlertLabType"/>
    <resource>
      <ValueSet>
        <id value="SaraAlertLabType"/>
        <text>
          <status value="generated"/>
          <div xmlns="http://www.w3.org/1999/xhtml">
            <p>This value set contains 8 concepts</p>
            <div style="border: black 1px dotted; background-color: #EEEEEE; padding: 8px; margin-bottom: 8px">
              <p>Expansion based on: </p>
              <ul>
                <li>Loinc v2.71</li>
                <li>
                  <a href="http://terminology.hl7.org/2.1.0/CodeSystem-v3-NullFlavor.html">NullFlavor v2.0.0 (CodeSystem)</a>
                </li>
              </ul>
            </div>
            <table class="codes">
              <tr>
                <td style="white-space:nowrap">
                  <b>Code</b>
                </td>
                <td>
                  <b>System</b>
                </td>
                <td>
                  <b>Display</b>
                </td>
                <td>
                  <b>Definition</b>
                </td>
              </tr>
              <tr>
                <td style="white-space:nowrap">
                  <a name="http---loinc.org-94500-6"> </a>
                  <a href="http://details.loinc.org/LOINC/94500-6.html">94500-6</a>
                </td>
                <td>http://loinc.org</td>
                <td>SARS-CoV-2 (COVID-19) RNA [Presence] in Respiratory specimen by NAA with probe detection</td>
                <td/>
              </tr>
              <tr>
                <td style="white-space:nowrap">
                  <a name="http---loinc.org-94558-4"> </a>
                  <a href="http://details.loinc.org/LOINC/94558-4.html">94558-4</a>
                </td>
                <td>http://loinc.org</td>
                <td>SARS-CoV-2 (COVID-19) Ag [Presence] in Respiratory specimen by Rapid immunoassay</td>
                <td/>
              </tr>
              <tr>
                <td style="white-space:nowrap">
                  <a name="http---loinc.org-94762-2"> </a>
                  <a href="http://details.loinc.org/LOINC/94762-2.html">94762-2</a>
                </td>
                <td>http://loinc.org</td>
                <td>SARS-CoV-2 (COVID-19) Ab [Presence] in Serum or Plasma by Immunoassay</td>
                <td/>
              </tr>
              <tr>
                <td style="white-space:nowrap">
                  <a name="http---loinc.org-94563-4"> </a>
                  <a href="http://details.loinc.org/LOINC/94563-4.html">94563-4</a>
                </td>
                <td>http://loinc.org</td>
                <td>SARS-CoV-2 (COVID-19) IgG Ab [Presence] in Serum or Plasma by Immunoassay</td>
                <td/>
              </tr>
              <tr>
                <td style="white-space:nowrap">
                  <a name="http---loinc.org-94564-2"> </a>
                  <a href="http://details.loinc.org/LOINC/94564-2.html">94564-2</a>
                </td>
                <td>http://loinc.org</td>
                <td>SARS-CoV-2 (COVID-19) IgM Ab [Presence] in Serum or Plasma by Immunoassay</td>
                <td/>
              </tr>
              <tr>
                <td style="white-space:nowrap">
                  <a name="http---loinc.org-94562-6"> </a>
                  <a href="http://details.loinc.org/LOINC/94562-6.html">94562-6</a>
                </td>
                <td>http://loinc.org</td>
                <td>SARS-CoV-2 (COVID-19) IgA Ab [Presence] in Serum or Plasma by Immunoassay</td>
                <td/>
              </tr>
              <tr>
                <td style="white-space:nowrap">
                  <a name="http---terminology.hl7.org-CodeSystem-v3-NullFlavor-OTH"> </a>
                  <a href="http://terminology.hl7.org/2.1.0/CodeSystem-v3-NullFlavor.html#v3-NullFlavor-OTH">OTH</a>
                </td>
                <td>http://terminology.hl7.org/CodeSystem/v3-NullFlavor</td>
                <td>other</td>
                <td>**Description:**The actual value is not a member of the set of permitted data values in the constrained value domain of a variable. (e.g., concept not provided by required code system).

**Usage Notes**: This flavor and its specializations are most commonly used with the CD datatype and its flavors. However, it may apply to \*any\* datatype where the constraints of the type are tighter than can be conveyed. For example, a PQ that is for a true measured amount whose units are not supported in UCUM, a need to convey a REAL when the type has been constrained to INT, etc.

With coded datatypes, this null flavor may only be used if the vocabulary binding has a coding strength of CNE. By definition, all local codes and original text are part of the value set if the coding strength is CWE.</td>
              </tr>
              <tr>
                <td style="white-space:nowrap">
                  <a name="http---terminology.hl7.org-CodeSystem-v3-NullFlavor-UNK"> </a>
                  <a href="http://terminology.hl7.org/2.1.0/CodeSystem-v3-NullFlavor.html#v3-NullFlavor-UNK">UNK</a>
                </td>
                <td>http://terminology.hl7.org/CodeSystem/v3-NullFlavor</td>
                <td>unknown</td>
                <td>**Description:**A proper value is applicable, but not known.

**Usage Notes**: This means the actual value is not known. If the only thing that is unknown is how to properly express the value in the necessary constraints (value set, datatype, etc.), then the OTH or UNC flavor should be used. No properties should be included for a datatype with this property unless:

1.  Those properties themselves directly translate to a semantic of &quot;unknown&quot;. (E.g. a local code sent as a translation that conveys &#39;unknown&#39;)
2.  Those properties further qualify the nature of what is unknown. (E.g. specifying a use code of &quot;H&quot; and a URL prefix of &quot;tel:&quot; to convey that it is the home phone number that is unknown.)</td>
              </tr>
            </table>
          </div>
        </text>
        <url value="http://saraalert.org/ValueSet/SaraAlertLabType"/>
        <version value="1.0.0"/>
        <name value="SaraAlertLabType"/>
        <status value="active"/>
        <date value="2021-10-06T18:59:21-05:00"/>
        <publisher value="The MITRE Corporation"/>
        <contact>
          <name value="The MITRE Corporation"/>
          <telecom>
            <system value="url"/>
            <value value="http://www.mitre.org"/>
          </telecom>
        </contact>
        <expansion>
          <identifier value="urn:uuid:5d95b7a8-86de-4350-a654-e1b3affef7df"/>
          <timestamp value="2021-10-06T18:59:46-05:00"/>
          <total value="8"/>
          <parameter>
            <name value="excludeNested"/>
            <valueBoolean value="false"/>
          </parameter>
          <parameter>
            <name value="limitedExpansion"/>
            <valueBoolean value="true"/>
          </parameter>
          <parameter>
            <name value="version"/>
            <valueString value="http://loinc.org|2.71"/>
          </parameter>
          <parameter>
            <name value="version"/>
            <valueUri value="http://terminology.hl7.org/CodeSystem/v3-NullFlavor|2.0.0"/>
          </parameter>
          <contains>
            <system value="http://loinc.org"/>
            <code value="94500-6"/>
            <display value="SARS-CoV-2 (COVID-19) RNA [Presence] in Respiratory specimen by NAA with probe detection"/>
          </contains>
          <contains>
            <system value="http://loinc.org"/>
            <code value="94558-4"/>
            <display value="SARS-CoV-2 (COVID-19) Ag [Presence] in Respiratory specimen by Rapid immunoassay"/>
          </contains>
          <contains>
            <system value="http://loinc.org"/>
            <code value="94762-2"/>
            <display value="SARS-CoV-2 (COVID-19) Ab [Presence] in Serum or Plasma by Immunoassay"/>
          </contains>
          <contains>
            <system value="http://loinc.org"/>
            <code value="94563-4"/>
            <display value="SARS-CoV-2 (COVID-19) IgG Ab [Presence] in Serum or Plasma by Immunoassay"/>
          </contains>
          <contains>
            <system value="http://loinc.org"/>
            <code value="94564-2"/>
            <display value="SARS-CoV-2 (COVID-19) IgM Ab [Presence] in Serum or Plasma by Immunoassay"/>
          </contains>
          <contains>
            <system value="http://loinc.org"/>
            <code value="94562-6"/>
            <display value="SARS-CoV-2 (COVID-19) IgA Ab [Presence] in Serum or Plasma by Immunoassay"/>
          </contains>
          <contains>
            <system value="http://terminology.hl7.org/CodeSystem/v3-NullFlavor"/>
            <code value="OTH"/>
            <display value="other"/>
          </contains>
          <contains>
            <system value="http://terminology.hl7.org/CodeSystem/v3-NullFlavor"/>
            <code value="UNK"/>
            <display value="unknown"/>
          </contains>
        </expansion>
      </ValueSet>
    </resource>
  </entry>
  <entry>
    <fullUrl value="http://saraalert.org/ValueSet/covid-19-vaccines"/>
    <resource>
      <ValueSet>
        <id value="covid-19-vaccines"/>
        <text>
          <status value="generated"/>
          <div xmlns="http://www.w3.org/1999/xhtml">
            <p>This value set contains 4 concepts</p>
            <div style="border: black 1px dotted; background-color: #EEEEEE; padding: 8px; margin-bottom: 8px">
              <p>Expansion based on: </p>
              <ul>
                <li>
                  <a href="http://terminology.hl7.org/2.1.0/CodeSystem-v3-NullFlavor.html">NullFlavor v2.0.0 (CodeSystem)</a>
                </li>
                <li>http://hl7.org/fhir/sid/cvx version 20210406</li>
              </ul>
            </div>
            <table class="codes">
              <tr>
                <td style="white-space:nowrap">
                  <b>Code</b>
                </td>
                <td>
                  <b>System</b>
                </td>
                <td>
                  <b>Display</b>
                </td>
                <td>
                  <b>Definition</b>
                </td>
              </tr>
              <tr>
                <td style="white-space:nowrap">
                  <a name="http---hl7.org-fhir-sid-cvx-207"> </a>207
                </td>
                <td>http://hl7.org/fhir/sid/cvx</td>
                <td>SARS-COV-2 (COVID-19) vaccine, mRNA, spike protein, LNP, preservative free, 100 mcg/0.5mL dose</td>
                <td/>
              </tr>
              <tr>
                <td style="white-space:nowrap">
                  <a name="http---hl7.org-fhir-sid-cvx-208"> </a>208
                </td>
                <td>http://hl7.org/fhir/sid/cvx</td>
                <td>SARS-COV-2 (COVID-19) vaccine, mRNA, spike protein, LNP, preservative free, 30 mcg/0.3mL dose</td>
                <td/>
              </tr>
              <tr>
                <td style="white-space:nowrap">
                  <a name="http---hl7.org-fhir-sid-cvx-212"> </a>212
                </td>
                <td>http://hl7.org/fhir/sid/cvx</td>
                <td>SARS-COV-2 (COVID-19) vaccine, vector non-replicating, recombinant spike protein-Ad26, preservative free, 0.5 ml</td>
                <td/>
              </tr>
              <tr>
                <td style="white-space:nowrap">
                  <a name="http---terminology.hl7.org-CodeSystem-v3-NullFlavor-UNK"> </a>
                  <a href="http://terminology.hl7.org/2.1.0/CodeSystem-v3-NullFlavor.html#v3-NullFlavor-UNK">UNK</a>
                </td>
                <td>http://terminology.hl7.org/CodeSystem/v3-NullFlavor</td>
                <td>unknown</td>
                <td>**Description:**A proper value is applicable, but not known.

**Usage Notes**: This means the actual value is not known. If the only thing that is unknown is how to properly express the value in the necessary constraints (value set, datatype, etc.), then the OTH or UNC flavor should be used. No properties should be included for a datatype with this property unless:

1.  Those properties themselves directly translate to a semantic of &quot;unknown&quot;. (E.g. a local code sent as a translation that conveys &#39;unknown&#39;)
2.  Those properties further qualify the nature of what is unknown. (E.g. specifying a use code of &quot;H&quot; and a URL prefix of &quot;tel:&quot; to convey that it is the home phone number that is unknown.)</td>
              </tr>
            </table>
          </div>
        </text>
        <url value="http://saraalert.org/ValueSet/covid-19-vaccines"/>
        <version value="1.0.0"/>
        <name value="COVID19VaccinesValueSet"/>
        <title value="COVID-19 Vaccines Value Set"/>
        <status value="active"/>
        <date value="2021-10-06T18:59:21-05:00"/>
        <publisher value="The MITRE Corporation"/>
        <contact>
          <name value="The MITRE Corporation"/>
          <telecom>
            <system value="url"/>
            <value value="http://www.mitre.org"/>
          </telecom>
        </contact>
        <expansion>
          <identifier value="urn:uuid:c94a942a-5a2c-47e0-a486-590a991dc224"/>
          <timestamp value="2021-10-06T18:59:49-05:00"/>
          <total value="4"/>
          <parameter>
            <name value="excludeNested"/>
            <valueBoolean value="false"/>
          </parameter>
          <parameter>
            <name value="limitedExpansion"/>
            <valueBoolean value="true"/>
          </parameter>
          <parameter>
            <name value="version"/>
            <valueString value="http://hl7.org/fhir/sid/cvx|20210406"/>
          </parameter>
          <parameter>
            <name value="version"/>
            <valueUri value="http://terminology.hl7.org/CodeSystem/v3-NullFlavor|2.0.0"/>
          </parameter>
          <contains>
            <system value="http://hl7.org/fhir/sid/cvx"/>
            <code value="207"/>
            <display value="SARS-COV-2 (COVID-19) vaccine, mRNA, spike protein, LNP, preservative free, 100 mcg/0.5mL dose"/>
          </contains>
          <contains>
            <system value="http://hl7.org/fhir/sid/cvx"/>
            <code value="208"/>
            <display value="SARS-COV-2 (COVID-19) vaccine, mRNA, spike protein, LNP, preservative free, 30 mcg/0.3mL dose"/>
          </contains>
          <contains>
            <system value="http://hl7.org/fhir/sid/cvx"/>
            <code value="212"/>
            <display value="SARS-COV-2 (COVID-19) vaccine, vector non-replicating, recombinant spike protein-Ad26, preservative free, 0.5 ml"/>
          </contains>
          <contains>
            <system value="http://terminology.hl7.org/CodeSystem/v3-NullFlavor"/>
            <code value="UNK"/>
            <display value="unknown"/>
          </contains>
        </expansion>
      </ValueSet>
    </resource>
  </entry>
</Bundle>