<?xml version="1.0" encoding="UTF-8"?><ImplementationGuide xmlns="http://hl7.org/fhir"><id value="saraalert-fhir"/><text><status value="extensions"/><div xmlns="http://www.w3.org/1999/xhtml"><h2>SaraAlert</h2><p>The official URL for this implementation guide is: </p><pre>http://saraalert.org/ImplementationGuide/saraalert-fhir</pre></div></text><url value="http://saraalert.org/ImplementationGuide/saraalert-fhir"/><version value="1.0.0"/><name value="SaraAlert"/><status value="active"/><date value="2021-02-24T12:27:19-05:00"/><publisher value="The MITRE Corporation"/><contact><name value="The MITRE Corporation"/><telecom><system value="url"/><value value="http://www.mitre.org"/></telecom></contact><packageId value="saraalert-fhir"/><license value="CC0-1.0"/><fhirVersion value="4.0.1"/><dependsOn id="hl7_fhir_us_core"><uri value="http://hl7.org/fhir/us/core/ImplementationGuide/hl7.fhir.us.core"/><packageId value="hl7.fhir.us.core"/><version value="3.1.0"/></dependsOn><definition><extension url="http://hl7.org/fhir/tools/StructureDefinition/ig-parameter"><extension url="code"><valueString value="copyrightyear"/></extension><extension url="value"><valueString value="2020+"/></extension></extension><extension url="http://hl7.org/fhir/tools/StructureDefinition/ig-parameter"><extension url="code"><valueString value="releaselabel"/></extension><extension url="value"><valueString value="Build CI"/></extension></extension><extension url="http://hl7.org/fhir/tools/StructureDefinition/ig-parameter"><extension url="code"><valueString value="apply-contact"/></extension><extension url="value"><valueString value="true"/></extension></extension><extension url="http://hl7.org/fhir/tools/StructureDefinition/ig-parameter"><extension url="code"><valueString value="apply-jurisdiction"/></extension><extension url="value"><valueString value="false"/></extension></extension><extension url="http://hl7.org/fhir/tools/StructureDefinition/ig-parameter"><extension url="code"><valueString value="apply-publisher"/></extension><extension url="value"><valueString value="true"/></extension></extension><extension url="http://hl7.org/fhir/tools/StructureDefinition/ig-parameter"><extension url="code"><valueString value="autoload-resources"/></extension><extension url="value"><valueString value="true"/></extension></extension><extension url="http://hl7.org/fhir/tools/StructureDefinition/ig-parameter"><extension url="code"><valueString value="path-liquid"/></extension><extension url="value"><valueString value="template/liquid"/></extension></extension><extension url="http://hl7.org/fhir/tools/StructureDefinition/ig-parameter"><extension url="code"><valueString value="path-liquid"/></extension><extension url="value"><valueString value="input/liquid"/></extension></extension><extension url="http://hl7.org/fhir/tools/StructureDefinition/ig-parameter"><extension url="code"><valueString value="path-qa"/></extension><extension url="value"><valueString value="temp/qa"/></extension></extension><extension url="http://hl7.org/fhir/tools/StructureDefinition/ig-parameter"><extension url="code"><valueString value="path-temp"/></extension><extension url="value"><valueString value="temp/pages"/></extension></extension><extension url="http://hl7.org/fhir/tools/StructureDefinition/ig-parameter"><extension url="code"><valueString value="path-output"/></extension><extension url="value"><valueString value="output"/></extension></extension><extension url="http://hl7.org/fhir/tools/StructureDefinition/ig-parameter"><extension url="code"><valueString value="path-suppressed-warnings"/></extension><extension url="value"><valueString value="input/ignoreWarnings.txt"/></extension></extension><extension url="http://hl7.org/fhir/tools/StructureDefinition/ig-parameter"><extension url="code"><valueString value="path-history"/></extension><extension url="value"><valueString value="http://saraalert.org/history.html"/></extension></extension><extension url="http://hl7.org/fhir/tools/StructureDefinition/ig-parameter"><extension url="code"><valueString value="template-html"/></extension><extension url="value"><valueString value="template-page.html"/></extension></extension><extension url="http://hl7.org/fhir/tools/StructureDefinition/ig-parameter"><extension url="code"><valueString value="template-md"/></extension><extension url="value"><valueString value="template-page-md.html"/></extension></extension><extension url="http://hl7.org/fhir/tools/StructureDefinition/ig-parameter"><extension url="code"><valueString value="apply-context"/></extension><extension url="value"><valueString value="true"/></extension></extension><extension url="http://hl7.org/fhir/tools/StructureDefinition/ig-parameter"><extension url="code"><valueString value="apply-copyright"/></extension><extension url="value"><valueString value="true"/></extension></extension><extension url="http://hl7.org/fhir/tools/StructureDefinition/ig-parameter"><extension url="code"><valueString value="apply-license"/></extension><extension url="value"><valueString value="true"/></extension></extension><extension url="http://hl7.org/fhir/tools/StructureDefinition/ig-parameter"><extension url="code"><valueString value="apply-version"/></extension><extension url="value"><valueString value="true"/></extension></extension><extension url="http://hl7.org/fhir/tools/StructureDefinition/ig-parameter"><extension url="code"><valueString value="active-tables"/></extension><extension url="value"><valueString value="true"/></extension></extension><grouping id="_str_profile"><name value="Structures: Resource Profiles"/><description value="These define constraints on FHIR resources for systems conforming to this implementation guide"/></grouping><grouping id="_str_extension"><name value="Structures: Extension Definitions"/><description value="These define constraints on FHIR data types for systems conforming to this implementation guide"/></grouping><resource><extension url="http://hl7.org/fhir/StructureDefinition/implementationguide-page"><valueUri value="StructureDefinition-sara-alert-observation.html"/></extension><reference><reference value="StructureDefinition/sara-alert-observation"/></reference><name value="Sara Alert Observation Profile"/><description value="The Sara Alert Observation profile represents a monitoree lab result."/><exampleBoolean value="false"/><groupingId value="_str_profile"/></resource><resource><extension url="http://hl7.org/fhir/StructureDefinition/implementationguide-page"><valueUri value="StructureDefinition-sara-alert-patient.html"/></extension><reference><reference value="StructureDefinition/sara-alert-patient"/></reference><name value="Sara Alert Patient Profile"/><description value="Sara Alert outputs additional extensions on Patient resources"/><exampleBoolean value="false"/><groupingId value="_str_profile"/></resource><resource><extension url="http://hl7.org/fhir/StructureDefinition/implementationguide-page"><valueUri value="StructureDefinition-sara-alert-questionnaire-response.html"/></extension><reference><reference value="StructureDefinition/sara-alert-questionnaire-response"/></reference><name value="Sara Alert QuestionnaireResponse Profile"/><description value="The Sara Alert QuestionnaireResponse profile represents a monitoree daily report."/><exampleBoolean value="false"/><groupingId value="_str_profile"/></resource><resource><extension url="http://hl7.org/fhir/StructureDefinition/implementationguide-page"><valueUri value="StructureDefinition-additional-planned-travel-notes.html"/></extension><reference><reference value="StructureDefinition/additional-planned-travel-notes"/></reference><name value="Additional Planned Travel Notes"/><description value="Represents any additional notes about the monitoree&#x2019;s planned travel. This can include details about the nature of the trip, planned social interaction, additional destinations, etc."/><exampleBoolean value="false"/><groupingId value="_str_extension"/></resource><resource><extension url="http://hl7.org/fhir/StructureDefinition/implementationguide-page"><valueUri value="StructureDefinition-additional-planned-travel-start-date.html"/></extension><reference><reference value="StructureDefinition/additional-planned-travel-start-date"/></reference><name value="Additional Planned Travel Start Date"/><description value="Represents the date that the monitoree is planning to begin their additional travel."/><exampleBoolean value="false"/><groupingId value="_str_extension"/></resource><resource><extension url="http://hl7.org/fhir/StructureDefinition/implementationguide-page"><valueUri value="StructureDefinition-address-type.html"/></extension><reference><reference value="StructureDefinition/address-type"/></reference><name value="Address Type"/><description value="Indicates if a monitoree&#39;s address is within the USA, or outside of the USA (options are: `USA` and `Foreign`). The extension only has meaning when used on the &#39;Patient.address&#39; element. If this extension is not present the address is assumed to be within the USA."/><exampleBoolean value="false"/><groupingId value="_str_extension"/></resource><resource><extension url="http://hl7.org/fhir/StructureDefinition/implementationguide-page"><valueUri value="StructureDefinition-assigned-user.html"/></extension><reference><reference value="StructureDefinition/assigned-user"/></reference><name value="Assigned User"/><description value="Represents the user or group within a jurisdiction responsible for monitoring a monitoree."/><exampleBoolean value="false"/><groupingId value="_str_extension"/></resource><resource><extension url="http://hl7.org/fhir/StructureDefinition/implementationguide-page"><valueUri value="StructureDefinition-date-of-arrival.html"/></extension><reference><reference value="StructureDefinition/date-of-arrival"/></reference><name value="Date of Arrival"/><description value="Represents when the monitoree entered the United States after travel."/><exampleBoolean value="false"/><groupingId value="_str_extension"/></resource><resource><extension url="http://hl7.org/fhir/StructureDefinition/implementationguide-page"><valueUri value="StructureDefinition-date-of-departure.html"/></extension><reference><reference value="StructureDefinition/date-of-departure"/></reference><name value="Date of Departure"/><description value="Represents the date that the monitoree traveled from the Port of Origin to the United States."/><exampleBoolean value="false"/><groupingId value="_str_extension"/></resource><resource><extension url="http://hl7.org/fhir/StructureDefinition/implementationguide-page"><valueUri value="StructureDefinition-exposure-notes.html"/></extension><reference><reference value="StructureDefinition/exposure-notes"/></reference><name value="Exposure Notes"/><description value="Represents any additional notes about the monitoree&#x2019;s exposure history or case information history. This can include details about the interaction with a known case, high risk activities, common exposure, etc."/><exampleBoolean value="false"/><groupingId value="_str_extension"/></resource><resource><extension url="http://hl7.org/fhir/StructureDefinition/implementationguide-page"><valueUri value="StructureDefinition-flight-or-vessel-carrier.html"/></extension><reference><reference value="StructureDefinition/flight-or-vessel-carrier"/></reference><name value="Flight or Vessel Carrier"/><description value="Represents the carrier, operating company, or provider of the flight or vessel."/><exampleBoolean value="false"/><groupingId value="_str_extension"/></resource><resource><extension url="http://hl7.org/fhir/StructureDefinition/implementationguide-page"><valueUri value="StructureDefinition-flight-or-vessel-number.html"/></extension><reference><reference value="StructureDefinition/flight-or-vessel-number"/></reference><name value="Flight or Vessel Number"/><description value="Represents the plane, train, ship, or other vessel that the monitoree used to travel to their destination."/><exampleBoolean value="false"/><groupingId value="_str_extension"/></resource><resource><extension url="http://hl7.org/fhir/StructureDefinition/implementationguide-page"><valueUri value="StructureDefinition-full-assigned-jurisdiction-path.html"/></extension><reference><reference value="StructureDefinition/full-assigned-jurisdiction-path"/></reference><name value="Full Assigned Jurisdiction Path"/><description value="Represents the jurisdiction in which this monitoree is enrolled."/><exampleBoolean value="false"/><groupingId value="_str_extension"/></resource><resource><extension url="http://hl7.org/fhir/StructureDefinition/implementationguide-page"><valueUri value="StructureDefinition-isolation.html"/></extension><reference><reference value="StructureDefinition/isolation"/></reference><name value="Isolation"/><description value="If the monitoree should be in the isolation workflow (omitting this extension defaults this value to false, leaving the monitoree in the exposure workflow."/><exampleBoolean value="false"/><groupingId value="_str_extension"/></resource><resource><extension url="http://hl7.org/fhir/StructureDefinition/implementationguide-page"><valueUri value="StructureDefinition-last-date-of-exposure.html"/></extension><reference><reference value="StructureDefinition/last-date-of-exposure"/></reference><name value="Last Date of Exposure"/><description value="When the monitoree`s last exposure occurred for use in the Sara Alert exposure workflow."/><exampleBoolean value="false"/><groupingId value="_str_extension"/></resource><resource><extension url="http://hl7.org/fhir/StructureDefinition/implementationguide-page"><valueUri value="StructureDefinition-monitoring-plan.html"/></extension><reference><reference value="StructureDefinition/monitoring-plan"/></reference><name value="Monitoring Plan"/><description value="Represents the monitoring approach selected by public health based on CDC or local guidance (options are: `None`, `Daily active monitoring`, `Self-monitoring with public health supervision`, `Self-monitoring with delegated supervision`, `Self-observation`)."/><exampleBoolean value="false"/><groupingId value="_str_extension"/></resource><resource><extension url="http://hl7.org/fhir/StructureDefinition/implementationguide-page"><valueUri value="StructureDefinition-phone-type.html"/></extension><reference><reference value="StructureDefinition/phone-type"/></reference><name value="Phone Type"/><description value="Represents the type of phone attached to the phone number. This field can be used to determine a monitoree&#x2019;s ability to receive SMS Texted Weblink, Telephone call, or SMS Text-message during the selection of Preferred Reporting Method (options are: `Smartphone`, `Landline`, `Plain Cell`)."/><exampleBoolean value="false"/><groupingId value="_str_extension"/></resource><resource><extension url="http://hl7.org/fhir/StructureDefinition/implementationguide-page"><valueUri value="StructureDefinition-port-of-origin.html"/></extension><reference><reference value="StructureDefinition/port-of-origin"/></reference><name value="Port of Origin"/><description value="Represents the airport, station, or docking point that the monitoree traveled from."/><exampleBoolean value="false"/><groupingId value="_str_extension"/></resource><resource><extension url="http://hl7.org/fhir/StructureDefinition/implementationguide-page"><valueUri value="StructureDefinition-preferred-contact-method.html"/></extension><reference><reference value="StructureDefinition/preferred-contact-method"/></reference><name value="Preferred Contact Method"/><description value="Represents the form in which the monitoree receives their daily symptom reports (options are: `E-mailed Web Link`, `SMS Texted Weblink`, `Telephone call`, and `SMS Text-message`)."/><exampleBoolean value="false"/><groupingId value="_str_extension"/></resource><resource><extension url="http://hl7.org/fhir/StructureDefinition/implementationguide-page"><valueUri value="StructureDefinition-preferred-contact-time.html"/></extension><reference><reference value="StructureDefinition/preferred-contact-time"/></reference><name value="Preferred Contact Time"/><description value="Represents the time period that the system sends out symptom reports to a monitoree (options are: `Morning`, `Afternoon`, `Evening`)."/><exampleBoolean value="false"/><groupingId value="_str_extension"/></resource><resource><extension url="http://hl7.org/fhir/StructureDefinition/implementationguide-page"><valueUri value="StructureDefinition-symptom-onset-date.html"/></extension><reference><reference value="StructureDefinition/symptom-onset-date"/></reference><name value="Symptom Onset Date"/><description value="When the monitoree`s first symptoms appeared for use in the Sara Alert isolation workflow."/><exampleBoolean value="false"/><groupingId value="_str_extension"/></resource><resource><extension url="http://hl7.org/fhir/StructureDefinition/implementationguide-page"><valueUri value="StructureDefinition-travel-related-notes.html"/></extension><reference><reference value="StructureDefinition/travel-related-notes"/></reference><name value="Travel Related Notes"/><description value="Represents any additional notes about the monitoree&#x2019;s travel history. This can include details about the nature of the trip, contact with anyone symptomatic, original country departed from, etc."/><exampleBoolean value="false"/><groupingId value="_str_extension"/></resource><page><nameUrl value="toc.html"/><title value="Table of Contents"/><generation value="html"/><page><nameUrl value="index.html"/><title value="Home"/><generation value="markdown"/></page><page><nameUrl value="artifacts.html"/><title value="Artifacts Summary"/><generation value="html"/><page><nameUrl value="StructureDefinition-sara-alert-observation.html"/><title value="Sara Alert Observation Profile"/><generation value="generated"/></page><page><nameUrl value="StructureDefinition-sara-alert-patient.html"/><title value="Sara Alert Patient Profile"/><generation value="generated"/></page><page><nameUrl value="StructureDefinition-sara-alert-questionnaire-response.html"/><title value="Sara Alert QuestionnaireResponse Profile"/><generation value="generated"/></page><page><nameUrl value="StructureDefinition-additional-planned-travel-notes.html"/><title value="Additional Planned Travel Notes"/><generation value="generated"/></page><page><nameUrl value="StructureDefinition-additional-planned-travel-start-date.html"/><title value="Additional Planned Travel Start Date"/><generation value="generated"/></page><page><nameUrl value="StructureDefinition-address-type.html"/><title value="Address Type"/><generation value="generated"/></page><page><nameUrl value="StructureDefinition-assigned-user.html"/><title value="Assigned User"/><generation value="generated"/></page><page><nameUrl value="StructureDefinition-date-of-arrival.html"/><title value="Date of Arrival"/><generation value="generated"/></page><page><nameUrl value="StructureDefinition-date-of-departure.html"/><title value="Date of Departure"/><generation value="generated"/></page><page><nameUrl value="StructureDefinition-exposure-notes.html"/><title value="Exposure Notes"/><generation value="generated"/></page><page><nameUrl value="StructureDefinition-flight-or-vessel-carrier.html"/><title value="Flight or Vessel Carrier"/><generation value="generated"/></page><page><nameUrl value="StructureDefinition-flight-or-vessel-number.html"/><title value="Flight or Vessel Number"/><generation value="generated"/></page><page><nameUrl value="StructureDefinition-full-assigned-jurisdiction-path.html"/><title value="Full Assigned Jurisdiction Path"/><generation value="generated"/></page><page><nameUrl value="StructureDefinition-isolation.html"/><title value="Isolation"/><generation value="generated"/></page><page><nameUrl value="StructureDefinition-last-date-of-exposure.html"/><title value="Last Date of Exposure"/><generation value="generated"/></page><page><nameUrl value="StructureDefinition-monitoring-plan.html"/><title value="Monitoring Plan"/><generation value="generated"/></page><page><nameUrl value="StructureDefinition-phone-type.html"/><title value="Phone Type"/><generation value="generated"/></page><page><nameUrl value="StructureDefinition-port-of-origin.html"/><title value="Port of Origin"/><generation value="generated"/></page><page><nameUrl value="StructureDefinition-preferred-contact-method.html"/><title value="Preferred Contact Method"/><generation value="generated"/></page><page><nameUrl value="StructureDefinition-preferred-contact-time.html"/><title value="Preferred Contact Time"/><generation value="generated"/></page><page><nameUrl value="StructureDefinition-symptom-onset-date.html"/><title value="Symptom Onset Date"/><generation value="generated"/></page><page><nameUrl value="StructureDefinition-travel-related-notes.html"/><title value="Travel Related Notes"/><generation value="generated"/></page></page></page><parameter><code value="path-resource"/><value value="input/capabilities"/></parameter><parameter><code value="path-resource"/><value value="input/examples"/></parameter><parameter><code value="path-resource"/><value value="input/extensions"/></parameter><parameter><code value="path-resource"/><value value="input/models"/></parameter><parameter><code value="path-resource"/><value value="input/operations"/></parameter><parameter><code value="path-resource"/><value value="input/profiles"/></parameter><parameter><code value="path-resource"/><value value="input/resources"/></parameter><parameter><code value="path-resource"/><value value="input/vocabulary"/></parameter><parameter><code value="path-resource"/><value value="input/maps"/></parameter><parameter><code value="path-resource"/><value value="input/testing"/></parameter><parameter><code value="path-resource"/><value value="input/history"/></parameter><parameter><code value="path-resource"/><value value="fsh-generated/resources"/></parameter><parameter><code value="path-pages"/><value value="template/config"/></parameter><parameter><code value="path-pages"/><value value="input/images"/></parameter><parameter><code value="path-tx-cache"/><value value="input-cache/txcache"/></parameter></definition></ImplementationGuide>