<?xml version="1.0" encoding="UTF-8"?><ValueSet xmlns="http://hl7.org/fhir"><id value="SaraAlertLanguage"/><text><status value="generated"/><div xmlns="http://www.w3.org/1999/xhtml"><ul><li>Include these codes as defined in <a href="http://terminology.hl7.org/2.0.0/CodeSystem-v3-ietf3066.html"><code>urn:ietf:bcp:47</code></a><table class="none"><tr><td style="white-space:nowrap"><b>Code</b></td><td><b>Display</b></td></tr><tr><td>aa</td><td>Afar</td></tr><tr><td>ab</td><td>Abkhazian</td></tr><tr><td>ace</td><td>Achinese</td></tr><tr><td>ach</td><td>Acoli</td></tr><tr><td>ada</td><td>Adangme</td></tr><tr><td>ady</td><td>Adyghe</td></tr><tr><td>af</td><td>Afrikaans</td></tr><tr><td>ain</td><td>Ainu (Japan)</td></tr><tr><td>ak</td><td>Akan</td></tr><tr><td>ale</td><td>Aleut</td></tr><tr><td>alt</td><td>Southern Altai</td></tr><tr><td>am</td><td>Amharic</td></tr><tr><td>anp</td><td>Angika</td></tr><tr><td>ar</td><td>Arabic</td></tr><tr><td>an</td><td>Aragonese</td></tr><tr><td>arn</td><td>Mapudungun</td></tr><tr><td>arp</td><td>Arapaho</td></tr><tr><td>arw</td><td>Arawak</td></tr><tr><td>ase</td><td>American Sign Language</td></tr><tr><td>as</td><td>Assamese</td></tr><tr><td>ast</td><td>Asturian</td></tr><tr><td>av</td><td>Avaric</td></tr><tr><td>awa</td><td>Awadhi</td></tr><tr><td>ay</td><td>Aymara</td></tr><tr><td>az</td><td>Azerbaijani</td></tr><tr><td>ba</td><td>Bashkir</td></tr><tr><td>bal</td><td>Baluchi</td></tr><tr><td>bm</td><td>Bambara</td></tr><tr><td>ban</td><td>Balinese</td></tr><tr><td>bas</td><td>Basa (Cameroon)</td></tr><tr><td>bej</td><td>Beja</td></tr><tr><td>be</td><td>Belarusian</td></tr><tr><td>bem</td><td>Bemba (Zambia)</td></tr><tr><td>bn</td><td>Bengali</td></tr><tr><td>bho</td><td>Bhojpuri</td></tr><tr><td>bik</td><td>Bikol</td></tr><tr><td>bin</td><td>Bini</td></tr><tr><td>bi</td><td>Bislama</td></tr><tr><td>bla</td><td>Siksika</td></tr><tr><td>bo</td><td>Tibetan</td></tr><tr><td>bs</td><td>Bosnian</td></tr><tr><td>bra</td><td>Braj</td></tr><tr><td>br</td><td>Breton</td></tr><tr><td>bua</td><td>Buriat</td></tr><tr><td>bug</td><td>Buginese</td></tr><tr><td>bg</td><td>Bulgarian</td></tr><tr><td>byn</td><td>Bilin</td></tr><tr><td>cad</td><td>Caddo</td></tr><tr><td>car</td><td>Galibi Carib</td></tr><tr><td>ca</td><td>Catalan</td></tr><tr><td>ceb</td><td>Cebuano</td></tr><tr><td>cs</td><td>Czech</td></tr><tr><td>ch</td><td>Chamorro</td></tr><tr><td>ce</td><td>Chechen</td></tr><tr><td>chk</td><td>Chuukese</td></tr><tr><td>chm</td><td>Mari (Russia)</td></tr><tr><td>chn</td><td>Chinook jargon</td></tr><tr><td>cho</td><td>Choctaw</td></tr><tr><td>chp</td><td>Chipewyan</td></tr><tr><td>chr</td><td>Cherokee</td></tr><tr><td>cv</td><td>Chuvash</td></tr><tr><td>chy</td><td>Cheyenne</td></tr><tr><td>cnr</td><td>Montenegrin</td></tr><tr><td>kw</td><td>Cornish</td></tr><tr><td>co</td><td>Corsican</td></tr><tr><td>cr</td><td>Cree</td></tr><tr><td>crh</td><td>Crimean Tatar</td></tr><tr><td>csb</td><td>Kashubian</td></tr><tr><td>cy</td><td>Welsh</td></tr><tr><td>dak</td><td>Dakota</td></tr><tr><td>da</td><td>Danish</td></tr><tr><td>dar</td><td>Dargwa</td></tr><tr><td>del</td><td>Delaware</td></tr><tr><td>den</td><td>Slave (Athapascan)</td></tr><tr><td>de</td><td>German</td></tr><tr><td>dgr</td><td>Dogrib</td></tr><tr><td>din</td><td>Dinka</td></tr><tr><td>dv</td><td>Dhivehi</td></tr><tr><td>doi</td><td>Dogri</td></tr><tr><td>dsb</td><td>Lower Sorbian</td></tr><tr><td>dua</td><td>Duala</td></tr><tr><td>dyu</td><td>Dyula</td></tr><tr><td>dz</td><td>Dzongkha</td></tr><tr><td>efi</td><td>Efik</td></tr><tr><td>eka</td><td>Ekajuk</td></tr><tr><td>el</td><td>Greek</td></tr><tr><td>en</td><td>English</td></tr><tr><td>et</td><td>Estonian</td></tr><tr><td>eu</td><td>Basque</td></tr><tr><td>ee</td><td>Ewe</td></tr><tr><td>ewo</td><td>Ewondo</td></tr><tr><td>fan</td><td>Fang (Equatorial Guinea)</td></tr><tr><td>fo</td><td>Faroese</td></tr><tr><td>fa</td><td>Persian</td></tr><tr><td>fat</td><td>Fanti</td></tr><tr><td>fj</td><td>Fijian</td></tr><tr><td>fil</td><td>Filipino</td></tr><tr><td>fi</td><td>Finnish</td></tr><tr><td>fon</td><td>Fon</td></tr><tr><td>fr</td><td>French</td></tr><tr><td>frr</td><td>Northern Frisian</td></tr><tr><td>frs</td><td>Eastern Frisian</td></tr><tr><td>fy</td><td>Western Frisian</td></tr><tr><td>ff</td><td>Fulah</td></tr><tr><td>fur</td><td>Friulian</td></tr><tr><td>gaa</td><td>Ga</td></tr><tr><td>gay</td><td>Gayo</td></tr><tr><td>gba</td><td>Gbaya (Central African Republic)</td></tr><tr><td>gil</td><td>Gilbertese</td></tr><tr><td>gd</td><td>Scottish Gaelic</td></tr><tr><td>ga</td><td>Irish</td></tr><tr><td>gl</td><td>Galician</td></tr><tr><td>gv</td><td>Manx</td></tr><tr><td>gon</td><td>Gondi</td></tr><tr><td>gor</td><td>Gorontalo</td></tr><tr><td>grb</td><td>Grebo</td></tr><tr><td>gn</td><td>Guarani</td></tr><tr><td>gsw</td><td>Swiss German</td></tr><tr><td>gu</td><td>Gujarati</td></tr><tr><td>gwi</td><td>Gwich&#39;in</td></tr><tr><td>hai</td><td>Haida</td></tr><tr><td>ht</td><td>Haitian</td></tr><tr><td>ha</td><td>Hausa</td></tr><tr><td>haw</td><td>Hawaiian</td></tr><tr><td>he</td><td>Hebrew</td></tr><tr><td>hz</td><td>Herero</td></tr><tr><td>hil</td><td>Hiligaynon</td></tr><tr><td>hi</td><td>Hindi</td></tr><tr><td>hmn</td><td>Hmong</td></tr><tr><td>ho</td><td>Hiri Motu</td></tr><tr><td>hr</td><td>Croatian</td></tr><tr><td>hsb</td><td>Upper Sorbian</td></tr><tr><td>hu</td><td>Hungarian</td></tr><tr><td>hup</td><td>Hupa</td></tr><tr><td>hy</td><td>Armenian</td></tr><tr><td>iba</td><td>Iban</td></tr><tr><td>ig</td><td>Igbo</td></tr><tr><td>ii</td><td>Sichuan Yi</td></tr><tr><td>iu</td><td>Inuktitut</td></tr><tr><td>ilo</td><td>Iloko</td></tr><tr><td>id</td><td>Indonesian</td></tr><tr><td>inh</td><td>Ingush</td></tr><tr><td>ik</td><td>Inupiaq</td></tr><tr><td>is</td><td>Icelandic</td></tr><tr><td>it</td><td>Italian</td></tr><tr><td>jv</td><td>Javanese</td></tr><tr><td>ja</td><td>Japanese</td></tr><tr><td>jpr</td><td>Judeo-Persian</td></tr><tr><td>jrb</td><td>Judeo-Arabic</td></tr><tr><td>kaa</td><td>Kara-Kalpak</td></tr><tr><td>kab</td><td>Kabyle</td></tr><tr><td>kac</td><td>Kachin</td></tr><tr><td>kl</td><td>Kalaallisut</td></tr><tr><td>kam</td><td>Kamba (Kenya)</td></tr><tr><td>kn</td><td>Kannada</td></tr><tr><td>ks</td><td>Kashmiri</td></tr><tr><td>ka</td><td>Georgian</td></tr><tr><td>kr</td><td>Kanuri</td></tr><tr><td>kk</td><td>Kazakh</td></tr><tr><td>kbd</td><td>Kabardian</td></tr><tr><td>kha</td><td>Khasi</td></tr><tr><td>km</td><td>Khmer</td></tr><tr><td>ki</td><td>Kikuyu</td></tr><tr><td>rw</td><td>Kinyarwanda</td></tr><tr><td>ky</td><td>Kirghiz</td></tr><tr><td>kmb</td><td>Kimbundu</td></tr><tr><td>kok</td><td>Konkani</td></tr><tr><td>kv</td><td>Komi</td></tr><tr><td>kg</td><td>Kongo</td></tr><tr><td>ko</td><td>Korean</td></tr><tr><td>kos</td><td>Kosraean</td></tr><tr><td>kpe</td><td>Kpelle</td></tr><tr><td>krc</td><td>Karachay-Balkar</td></tr><tr><td>krl</td><td>Karelian</td></tr><tr><td>kru</td><td>Kurukh</td></tr><tr><td>kj</td><td>Kuanyama</td></tr><tr><td>kum</td><td>Kumyk</td></tr><tr><td>ku</td><td>Kurdish</td></tr><tr><td>kut</td><td>Kutenai</td></tr><tr><td>lad</td><td>Ladino</td></tr><tr><td>lah</td><td>Lahnda</td></tr><tr><td>lam</td><td>Lamba</td></tr><tr><td>lo</td><td>Lao</td></tr><tr><td>lv</td><td>Latvian</td></tr><tr><td>lez</td><td>Lezghian</td></tr><tr><td>li</td><td>Limburgan</td></tr><tr><td>ln</td><td>Lingala</td></tr><tr><td>lt</td><td>Lithuanian</td></tr><tr><td>lol</td><td>Mongo</td></tr><tr><td>loz</td><td>Lozi</td></tr><tr><td>lb</td><td>Luxembourgish</td></tr><tr><td>lua</td><td>Luba-Lulua</td></tr><tr><td>lu</td><td>Luba-Katanga</td></tr><tr><td>lg</td><td>Ganda</td></tr><tr><td>lun</td><td>Lunda</td></tr><tr><td>luo</td><td>Luo (Kenya and Tanzania)</td></tr><tr><td>lus</td><td>Lushai</td></tr><tr><td>mad</td><td>Madurese</td></tr><tr><td>mag</td><td>Magahi</td></tr><tr><td>mh</td><td>Marshallese</td></tr><tr><td>mai</td><td>Maithili</td></tr><tr><td>mak</td><td>Makasar</td></tr><tr><td>ml</td><td>Malayalam</td></tr><tr><td>man</td><td>Mandingo</td></tr><tr><td>mr</td><td>Marathi</td></tr><tr><td>mas</td><td>Masai</td></tr><tr><td>mdf</td><td>Moksha</td></tr><tr><td>mdr</td><td>Mandar</td></tr><tr><td>men</td><td>Mende (Sierra Leone)</td></tr><tr><td>mic</td><td>Mi&#39;kmaq</td></tr><tr><td>min</td><td>Minangkabau</td></tr><tr><td>mk</td><td>Macedonian</td></tr><tr><td>mg</td><td>Malagasy</td></tr><tr><td>mt</td><td>Maltese</td></tr><tr><td>mnc</td><td>Manchu</td></tr><tr><td>mni</td><td>Manipuri</td></tr><tr><td>moh</td><td>Mohawk</td></tr><tr><td>mn</td><td>Mongolian</td></tr><tr><td>mos</td><td>Mossi</td></tr><tr><td>mi</td><td>Maori</td></tr><tr><td>ms</td><td>Malay</td></tr><tr><td>mus</td><td>Creek</td></tr><tr><td>mwl</td><td>Mirandese</td></tr><tr><td>mwr</td><td>Marwari</td></tr><tr><td>my</td><td>Burmese</td></tr><tr><td>myv</td><td>Erzya</td></tr><tr><td>nap</td><td>Neapolitan</td></tr><tr><td>na</td><td>Nauru</td></tr><tr><td>nv</td><td>Navajo</td></tr><tr><td>nr</td><td>South Ndebele</td></tr><tr><td>nd</td><td>North Ndebele</td></tr><tr><td>ng</td><td>Ndonga</td></tr><tr><td>nds</td><td>Low German</td></tr><tr><td>ne</td><td>Nepali</td></tr><tr><td>new</td><td>Newari</td></tr><tr><td>nia</td><td>Nias</td></tr><tr><td>niu</td><td>Niuean</td></tr><tr><td>nl</td><td>Dutch</td></tr><tr><td>nn</td><td>Norwegian Nynorsk</td></tr><tr><td>nb</td><td>Norwegian Bokmål</td></tr><tr><td>nog</td><td>Nogai</td></tr><tr><td>no</td><td>Norwegian</td></tr><tr><td>nqo</td><td>N&#39;Ko</td></tr><tr><td>nso</td><td>Pedi</td></tr><tr><td>ny</td><td>Nyanja</td></tr><tr><td>nym</td><td>Nyamwezi</td></tr><tr><td>nyn</td><td>Nyankole</td></tr><tr><td>nyo</td><td>Nyoro</td></tr><tr><td>nzi</td><td>Nzima</td></tr><tr><td>oc</td><td>Occitan</td></tr><tr><td>oj</td><td>Ojibwa</td></tr><tr><td>or</td><td>Oriya</td></tr><tr><td>om</td><td>Oromo</td></tr><tr><td>osa</td><td>Osage</td></tr><tr><td>os</td><td>Ossetian</td></tr><tr><td>pag</td><td>Pangasinan</td></tr><tr><td>pam</td><td>Pampanga</td></tr><tr><td>pa</td><td>Panjabi</td></tr><tr><td>pap</td><td>Papiamento</td></tr><tr><td>pau</td><td>Palauan</td></tr><tr><td>pl</td><td>Polish</td></tr><tr><td>pon</td><td>Pohnpeian</td></tr><tr><td>pt</td><td>Portuguese</td></tr><tr><td>ps</td><td>Pushto</td></tr><tr><td>qu</td><td>Quechua</td></tr><tr><td>raj</td><td>Rajasthani</td></tr><tr><td>rap</td><td>Rapanui</td></tr><tr><td>rar</td><td>Rarotongan</td></tr><tr><td>rm</td><td>Romansh</td></tr><tr><td>rom</td><td>Romany</td></tr><tr><td>ro</td><td>Romanian</td></tr><tr><td>rn</td><td>Rundi</td></tr><tr><td>rup</td><td>Macedo-Romanian</td></tr><tr><td>ru</td><td>Russian</td></tr><tr><td>sad</td><td>Sandawe</td></tr><tr><td>sg</td><td>Sango</td></tr><tr><td>sah</td><td>Yakut</td></tr><tr><td>sas</td><td>Sasak</td></tr><tr><td>sat</td><td>Santali</td></tr><tr><td>scn</td><td>Sicilian</td></tr><tr><td>sco</td><td>Scots</td></tr><tr><td>sel</td><td>Selkup</td></tr><tr><td>shn</td><td>Shan</td></tr><tr><td>sid</td><td>Sidamo</td></tr><tr><td>si</td><td>Sinhala</td></tr><tr><td>sk</td><td>Slovak</td></tr><tr><td>sl</td><td>Slovenian</td></tr><tr><td>sma</td><td>Southern Sami</td></tr><tr><td>se</td><td>Northern Sami</td></tr><tr><td>smj</td><td>Lule Sami</td></tr><tr><td>smn</td><td>Inari Sami</td></tr><tr><td>sm</td><td>Samoan</td></tr><tr><td>sms</td><td>Skolt Sami</td></tr><tr><td>sn</td><td>Shona</td></tr><tr><td>sd</td><td>Sindhi</td></tr><tr><td>snk</td><td>Soninke</td></tr><tr><td>so</td><td>Somali</td></tr><tr><td>st</td><td>Southern Sotho</td></tr><tr><td>es</td><td>Spanish</td></tr><tr><td>es-PR</td><td>Spanish (Puerto Rican)</td></tr><tr><td>sq</td><td>Albanian</td></tr><tr><td>sc</td><td>Sardinian</td></tr><tr><td>srn</td><td>Sranan Tongo</td></tr><tr><td>sr</td><td>Serbian</td></tr><tr><td>srr</td><td>Serer</td></tr><tr><td>ss</td><td>Swati</td></tr><tr><td>suk</td><td>Sukuma</td></tr><tr><td>su</td><td>Sundanese</td></tr><tr><td>sus</td><td>Susu</td></tr><tr><td>sw</td><td>Swahili</td></tr><tr><td>sv</td><td>Swedish</td></tr><tr><td>syr</td><td>Syriac</td></tr><tr><td>ty</td><td>Tahitian</td></tr><tr><td>ta</td><td>Tamil</td></tr><tr><td>tt</td><td>Tatar</td></tr><tr><td>te</td><td>Telugu</td></tr><tr><td>tem</td><td>Timne</td></tr><tr><td>ter</td><td>Tereno</td></tr><tr><td>tet</td><td>Tetum</td></tr><tr><td>tg</td><td>Tajik</td></tr><tr><td>tl</td><td>Tagalog</td></tr><tr><td>th</td><td>Thai</td></tr><tr><td>tig</td><td>Tigre</td></tr><tr><td>ti</td><td>Tigrinya</td></tr><tr><td>tiv</td><td>Tiv</td></tr><tr><td>tkl</td><td>Tokelau</td></tr><tr><td>tli</td><td>Tlingit</td></tr><tr><td>tmh</td><td>Tamashek</td></tr><tr><td>tog</td><td>Tonga (Nyasa)</td></tr><tr><td>to</td><td>Tonga (Tonga Islands)</td></tr><tr><td>tpi</td><td>Tok Pisin</td></tr><tr><td>tsi</td><td>Tsimshian</td></tr><tr><td>tn</td><td>Tswana</td></tr><tr><td>ts</td><td>Tsonga</td></tr><tr><td>tk</td><td>Turkmen</td></tr><tr><td>tum</td><td>Tumbuka</td></tr><tr><td>tr</td><td>Turkish</td></tr><tr><td>tvl</td><td>Tuvalu</td></tr><tr><td>tw</td><td>Twi</td></tr><tr><td>tyv</td><td>Tuvinian</td></tr><tr><td>udm</td><td>Udmurt</td></tr><tr><td>ug</td><td>Uighur</td></tr><tr><td>uk</td><td>Ukrainian</td></tr><tr><td>umb</td><td>Umbundu</td></tr><tr><td>ur</td><td>Urdu</td></tr><tr><td>uz</td><td>Uzbek</td></tr><tr><td>vai</td><td>Vai</td></tr><tr><td>ve</td><td>Venda</td></tr><tr><td>vi</td><td>Vietnamese</td></tr><tr><td>vot</td><td>Votic</td></tr><tr><td>wal</td><td>Wolaytta</td></tr><tr><td>war</td><td>Waray (Philippines)</td></tr><tr><td>was</td><td>Washo</td></tr><tr><td>wa</td><td>Walloon</td></tr><tr><td>wo</td><td>Wolof</td></tr><tr><td>xal</td><td>Kalmyk</td></tr><tr><td>xh</td><td>Xhosa</td></tr><tr><td>yao</td><td>Yao</td></tr><tr><td>yap</td><td>Yapese</td></tr><tr><td>yi</td><td>Yiddish</td></tr><tr><td>yo</td><td>Yoruba</td></tr><tr><td>zap</td><td>Zapotec</td></tr><tr><td>zen</td><td>Zenaga</td></tr><tr><td>zgh</td><td>Standard Moroccan Tamazight</td></tr><tr><td>za</td><td>Zhuang</td></tr><tr><td>zh</td><td>Chinese</td></tr><tr><td>zu</td><td>Zulu</td></tr><tr><td>zun</td><td>Zuni</td></tr><tr><td>zza</td><td>Zaza</td></tr></table></li></ul></div></text><url value="http://saraalert.org/ValueSet/SaraAlertLanguage"/><version value="1.0.0"/><name value="SaraAlertLanguage"/><title value="Sara Alert Language ValueSet"/><status value="active"/><date value="2021-06-30T08:37:48-04:00"/><publisher value="The MITRE Corporation"/><contact><name value="The MITRE Corporation"/><telecom><system value="url"/><value value="http://www.mitre.org"/></telecom></contact><description value="This ValueSet lists the allowed values for setting &quot;Primary Language&quot; and &quot;Secondary Language&quot;&#xA;in Sara Alert. Either the &quot;Code&quot; value or the &quot;Display&quot; value may be used. In cases where the 2-letter&#xA;ISO 639-1 code is listed, the corresponding 3-letter ISO 639-2 code may also be used."/><compose><include><system value="urn:ietf:bcp:47"/><concept><code value="aa"/><display value="Afar"/></concept><concept><code value="ab"/><display value="Abkhazian"/></concept><concept><code value="ace"/><display value="Achinese"/></concept><concept><code value="ach"/><display value="Acoli"/></concept><concept><code value="ada"/><display value="Adangme"/></concept><concept><code value="ady"/><display value="Adyghe"/></concept><concept><code value="af"/><display value="Afrikaans"/></concept><concept><code value="ain"/><display value="Ainu (Japan)"/></concept><concept><code value="ak"/><display value="Akan"/></concept><concept><code value="ale"/><display value="Aleut"/></concept><concept><code value="alt"/><display value="Southern Altai"/></concept><concept><code value="am"/><display value="Amharic"/></concept><concept><code value="anp"/><display value="Angika"/></concept><concept><code value="ar"/><display value="Arabic"/></concept><concept><code value="an"/><display value="Aragonese"/></concept><concept><code value="arn"/><display value="Mapudungun"/></concept><concept><code value="arp"/><display value="Arapaho"/></concept><concept><code value="arw"/><display value="Arawak"/></concept><concept><code value="ase"/><display value="American Sign Language"/></concept><concept><code value="as"/><display value="Assamese"/></concept><concept><code value="ast"/><display value="Asturian"/></concept><concept><code value="av"/><display value="Avaric"/></concept><concept><code value="awa"/><display value="Awadhi"/></concept><concept><code value="ay"/><display value="Aymara"/></concept><concept><code value="az"/><display value="Azerbaijani"/></concept><concept><code value="ba"/><display value="Bashkir"/></concept><concept><code value="bal"/><display value="Baluchi"/></concept><concept><code value="bm"/><display value="Bambara"/></concept><concept><code value="ban"/><display value="Balinese"/></concept><concept><code value="bas"/><display value="Basa (Cameroon)"/></concept><concept><code value="bej"/><display value="Beja"/></concept><concept><code value="be"/><display value="Belarusian"/></concept><concept><code value="bem"/><display value="Bemba (Zambia)"/></concept><concept><code value="bn"/><display value="Bengali"/></concept><concept><code value="bho"/><display value="Bhojpuri"/></concept><concept><code value="bik"/><display value="Bikol"/></concept><concept><code value="bin"/><display value="Bini"/></concept><concept><code value="bi"/><display value="Bislama"/></concept><concept><code value="bla"/><display value="Siksika"/></concept><concept><code value="bo"/><display value="Tibetan"/></concept><concept><code value="bs"/><display value="Bosnian"/></concept><concept><code value="bra"/><display value="Braj"/></concept><concept><code value="br"/><display value="Breton"/></concept><concept><code value="bua"/><display value="Buriat"/></concept><concept><code value="bug"/><display value="Buginese"/></concept><concept><code value="bg"/><display value="Bulgarian"/></concept><concept><code value="byn"/><display value="Bilin"/></concept><concept><code value="cad"/><display value="Caddo"/></concept><concept><code value="car"/><display value="Galibi Carib"/></concept><concept><code value="ca"/><display value="Catalan"/></concept><concept><code value="ceb"/><display value="Cebuano"/></concept><concept><code value="cs"/><display value="Czech"/></concept><concept><code value="ch"/><display value="Chamorro"/></concept><concept><code value="ce"/><display value="Chechen"/></concept><concept><code value="chk"/><display value="Chuukese"/></concept><concept><code value="chm"/><display value="Mari (Russia)"/></concept><concept><code value="chn"/><display value="Chinook jargon"/></concept><concept><code value="cho"/><display value="Choctaw"/></concept><concept><code value="chp"/><display value="Chipewyan"/></concept><concept><code value="chr"/><display value="Cherokee"/></concept><concept><code value="cv"/><display value="Chuvash"/></concept><concept><code value="chy"/><display value="Cheyenne"/></concept><concept><code value="cnr"/><display value="Montenegrin"/></concept><concept><code value="kw"/><display value="Cornish"/></concept><concept><code value="co"/><display value="Corsican"/></concept><concept><code value="cr"/><display value="Cree"/></concept><concept><code value="crh"/><display value="Crimean Tatar"/></concept><concept><code value="csb"/><display value="Kashubian"/></concept><concept><code value="cy"/><display value="Welsh"/></concept><concept><code value="dak"/><display value="Dakota"/></concept><concept><code value="da"/><display value="Danish"/></concept><concept><code value="dar"/><display value="Dargwa"/></concept><concept><code value="del"/><display value="Delaware"/></concept><concept><code value="den"/><display value="Slave (Athapascan)"/></concept><concept><code value="de"/><display value="German"/></concept><concept><code value="dgr"/><display value="Dogrib"/></concept><concept><code value="din"/><display value="Dinka"/></concept><concept><code value="dv"/><display value="Dhivehi"/></concept><concept><code value="doi"/><display value="Dogri"/></concept><concept><code value="dsb"/><display value="Lower Sorbian"/></concept><concept><code value="dua"/><display value="Duala"/></concept><concept><code value="dyu"/><display value="Dyula"/></concept><concept><code value="dz"/><display value="Dzongkha"/></concept><concept><code value="efi"/><display value="Efik"/></concept><concept><code value="eka"/><display value="Ekajuk"/></concept><concept><code value="el"/><display value="Greek"/></concept><concept><code value="en"/><display value="English"/></concept><concept><code value="et"/><display value="Estonian"/></concept><concept><code value="eu"/><display value="Basque"/></concept><concept><code value="ee"/><display value="Ewe"/></concept><concept><code value="ewo"/><display value="Ewondo"/></concept><concept><code value="fan"/><display value="Fang (Equatorial Guinea)"/></concept><concept><code value="fo"/><display value="Faroese"/></concept><concept><code value="fa"/><display value="Persian"/></concept><concept><code value="fat"/><display value="Fanti"/></concept><concept><code value="fj"/><display value="Fijian"/></concept><concept><code value="fil"/><display value="Filipino"/></concept><concept><code value="fi"/><display value="Finnish"/></concept><concept><code value="fon"/><display value="Fon"/></concept><concept><code value="fr"/><display value="French"/></concept><concept><code value="frr"/><display value="Northern Frisian"/></concept><concept><code value="frs"/><display value="Eastern Frisian"/></concept><concept><code value="fy"/><display value="Western Frisian"/></concept><concept><code value="ff"/><display value="Fulah"/></concept><concept><code value="fur"/><display value="Friulian"/></concept><concept><code value="gaa"/><display value="Ga"/></concept><concept><code value="gay"/><display value="Gayo"/></concept><concept><code value="gba"/><display value="Gbaya (Central African Republic)"/></concept><concept><code value="gil"/><display value="Gilbertese"/></concept><concept><code value="gd"/><display value="Scottish Gaelic"/></concept><concept><code value="ga"/><display value="Irish"/></concept><concept><code value="gl"/><display value="Galician"/></concept><concept><code value="gv"/><display value="Manx"/></concept><concept><code value="gon"/><display value="Gondi"/></concept><concept><code value="gor"/><display value="Gorontalo"/></concept><concept><code value="grb"/><display value="Grebo"/></concept><concept><code value="gn"/><display value="Guarani"/></concept><concept><code value="gsw"/><display value="Swiss German"/></concept><concept><code value="gu"/><display value="Gujarati"/></concept><concept><code value="gwi"/><display value="Gwich&#39;in"/></concept><concept><code value="hai"/><display value="Haida"/></concept><concept><code value="ht"/><display value="Haitian"/></concept><concept><code value="ha"/><display value="Hausa"/></concept><concept><code value="haw"/><display value="Hawaiian"/></concept><concept><code value="he"/><display value="Hebrew"/></concept><concept><code value="hz"/><display value="Herero"/></concept><concept><code value="hil"/><display value="Hiligaynon"/></concept><concept><code value="hi"/><display value="Hindi"/></concept><concept><code value="hmn"/><display value="Hmong"/></concept><concept><code value="ho"/><display value="Hiri Motu"/></concept><concept><code value="hr"/><display value="Croatian"/></concept><concept><code value="hsb"/><display value="Upper Sorbian"/></concept><concept><code value="hu"/><display value="Hungarian"/></concept><concept><code value="hup"/><display value="Hupa"/></concept><concept><code value="hy"/><display value="Armenian"/></concept><concept><code value="iba"/><display value="Iban"/></concept><concept><code value="ig"/><display value="Igbo"/></concept><concept><code value="ii"/><display value="Sichuan Yi"/></concept><concept><code value="iu"/><display value="Inuktitut"/></concept><concept><code value="ilo"/><display value="Iloko"/></concept><concept><code value="id"/><display value="Indonesian"/></concept><concept><code value="inh"/><display value="Ingush"/></concept><concept><code value="ik"/><display value="Inupiaq"/></concept><concept><code value="is"/><display value="Icelandic"/></concept><concept><code value="it"/><display value="Italian"/></concept><concept><code value="jv"/><display value="Javanese"/></concept><concept><code value="ja"/><display value="Japanese"/></concept><concept><code value="jpr"/><display value="Judeo-Persian"/></concept><concept><code value="jrb"/><display value="Judeo-Arabic"/></concept><concept><code value="kaa"/><display value="Kara-Kalpak"/></concept><concept><code value="kab"/><display value="Kabyle"/></concept><concept><code value="kac"/><display value="Kachin"/></concept><concept><code value="kl"/><display value="Kalaallisut"/></concept><concept><code value="kam"/><display value="Kamba (Kenya)"/></concept><concept><code value="kn"/><display value="Kannada"/></concept><concept><code value="ks"/><display value="Kashmiri"/></concept><concept><code value="ka"/><display value="Georgian"/></concept><concept><code value="kr"/><display value="Kanuri"/></concept><concept><code value="kk"/><display value="Kazakh"/></concept><concept><code value="kbd"/><display value="Kabardian"/></concept><concept><code value="kha"/><display value="Khasi"/></concept><concept><code value="km"/><display value="Khmer"/></concept><concept><code value="ki"/><display value="Kikuyu"/></concept><concept><code value="rw"/><display value="Kinyarwanda"/></concept><concept><code value="ky"/><display value="Kirghiz"/></concept><concept><code value="kmb"/><display value="Kimbundu"/></concept><concept><code value="kok"/><display value="Konkani"/></concept><concept><code value="kv"/><display value="Komi"/></concept><concept><code value="kg"/><display value="Kongo"/></concept><concept><code value="ko"/><display value="Korean"/></concept><concept><code value="kos"/><display value="Kosraean"/></concept><concept><code value="kpe"/><display value="Kpelle"/></concept><concept><code value="krc"/><display value="Karachay-Balkar"/></concept><concept><code value="krl"/><display value="Karelian"/></concept><concept><code value="kru"/><display value="Kurukh"/></concept><concept><code value="kj"/><display value="Kuanyama"/></concept><concept><code value="kum"/><display value="Kumyk"/></concept><concept><code value="ku"/><display value="Kurdish"/></concept><concept><code value="kut"/><display value="Kutenai"/></concept><concept><code value="lad"/><display value="Ladino"/></concept><concept><code value="lah"/><display value="Lahnda"/></concept><concept><code value="lam"/><display value="Lamba"/></concept><concept><code value="lo"/><display value="Lao"/></concept><concept><code value="lv"/><display value="Latvian"/></concept><concept><code value="lez"/><display value="Lezghian"/></concept><concept><code value="li"/><display value="Limburgan"/></concept><concept><code value="ln"/><display value="Lingala"/></concept><concept><code value="lt"/><display value="Lithuanian"/></concept><concept><code value="lol"/><display value="Mongo"/></concept><concept><code value="loz"/><display value="Lozi"/></concept><concept><code value="lb"/><display value="Luxembourgish"/></concept><concept><code value="lua"/><display value="Luba-Lulua"/></concept><concept><code value="lu"/><display value="Luba-Katanga"/></concept><concept><code value="lg"/><display value="Ganda"/></concept><concept><code value="lun"/><display value="Lunda"/></concept><concept><code value="luo"/><display value="Luo (Kenya and Tanzania)"/></concept><concept><code value="lus"/><display value="Lushai"/></concept><concept><code value="mad"/><display value="Madurese"/></concept><concept><code value="mag"/><display value="Magahi"/></concept><concept><code value="mh"/><display value="Marshallese"/></concept><concept><code value="mai"/><display value="Maithili"/></concept><concept><code value="mak"/><display value="Makasar"/></concept><concept><code value="ml"/><display value="Malayalam"/></concept><concept><code value="man"/><display value="Mandingo"/></concept><concept><code value="mr"/><display value="Marathi"/></concept><concept><code value="mas"/><display value="Masai"/></concept><concept><code value="mdf"/><display value="Moksha"/></concept><concept><code value="mdr"/><display value="Mandar"/></concept><concept><code value="men"/><display value="Mende (Sierra Leone)"/></concept><concept><code value="mic"/><display value="Mi&#39;kmaq"/></concept><concept><code value="min"/><display value="Minangkabau"/></concept><concept><code value="mk"/><display value="Macedonian"/></concept><concept><code value="mg"/><display value="Malagasy"/></concept><concept><code value="mt"/><display value="Maltese"/></concept><concept><code value="mnc"/><display value="Manchu"/></concept><concept><code value="mni"/><display value="Manipuri"/></concept><concept><code value="moh"/><display value="Mohawk"/></concept><concept><code value="mn"/><display value="Mongolian"/></concept><concept><code value="mos"/><display value="Mossi"/></concept><concept><code value="mi"/><display value="Maori"/></concept><concept><code value="ms"/><display value="Malay"/></concept><concept><code value="mus"/><display value="Creek"/></concept><concept><code value="mwl"/><display value="Mirandese"/></concept><concept><code value="mwr"/><display value="Marwari"/></concept><concept><code value="my"/><display value="Burmese"/></concept><concept><code value="myv"/><display value="Erzya"/></concept><concept><code value="nap"/><display value="Neapolitan"/></concept><concept><code value="na"/><display value="Nauru"/></concept><concept><code value="nv"/><display value="Navajo"/></concept><concept><code value="nr"/><display value="South Ndebele"/></concept><concept><code value="nd"/><display value="North Ndebele"/></concept><concept><code value="ng"/><display value="Ndonga"/></concept><concept><code value="nds"/><display value="Low German"/></concept><concept><code value="ne"/><display value="Nepali"/></concept><concept><code value="new"/><display value="Newari"/></concept><concept><code value="nia"/><display value="Nias"/></concept><concept><code value="niu"/><display value="Niuean"/></concept><concept><code value="nl"/><display value="Dutch"/></concept><concept><code value="nn"/><display value="Norwegian Nynorsk"/></concept><concept><code value="nb"/><display value="Norwegian Bokm&#xE5;l"/></concept><concept><code value="nog"/><display value="Nogai"/></concept><concept><code value="no"/><display value="Norwegian"/></concept><concept><code value="nqo"/><display value="N&#39;Ko"/></concept><concept><code value="nso"/><display value="Pedi"/></concept><concept><code value="ny"/><display value="Nyanja"/></concept><concept><code value="nym"/><display value="Nyamwezi"/></concept><concept><code value="nyn"/><display value="Nyankole"/></concept><concept><code value="nyo"/><display value="Nyoro"/></concept><concept><code value="nzi"/><display value="Nzima"/></concept><concept><code value="oc"/><display value="Occitan"/></concept><concept><code value="oj"/><display value="Ojibwa"/></concept><concept><code value="or"/><display value="Oriya"/></concept><concept><code value="om"/><display value="Oromo"/></concept><concept><code value="osa"/><display value="Osage"/></concept><concept><code value="os"/><display value="Ossetian"/></concept><concept><code value="pag"/><display value="Pangasinan"/></concept><concept><code value="pam"/><display value="Pampanga"/></concept><concept><code value="pa"/><display value="Panjabi"/></concept><concept><code value="pap"/><display value="Papiamento"/></concept><concept><code value="pau"/><display value="Palauan"/></concept><concept><code value="pl"/><display value="Polish"/></concept><concept><code value="pon"/><display value="Pohnpeian"/></concept><concept><code value="pt"/><display value="Portuguese"/></concept><concept><code value="ps"/><display value="Pushto"/></concept><concept><code value="qu"/><display value="Quechua"/></concept><concept><code value="raj"/><display value="Rajasthani"/></concept><concept><code value="rap"/><display value="Rapanui"/></concept><concept><code value="rar"/><display value="Rarotongan"/></concept><concept><code value="rm"/><display value="Romansh"/></concept><concept><code value="rom"/><display value="Romany"/></concept><concept><code value="ro"/><display value="Romanian"/></concept><concept><code value="rn"/><display value="Rundi"/></concept><concept><code value="rup"/><display value="Macedo-Romanian"/></concept><concept><code value="ru"/><display value="Russian"/></concept><concept><code value="sad"/><display value="Sandawe"/></concept><concept><code value="sg"/><display value="Sango"/></concept><concept><code value="sah"/><display value="Yakut"/></concept><concept><code value="sas"/><display value="Sasak"/></concept><concept><code value="sat"/><display value="Santali"/></concept><concept><code value="scn"/><display value="Sicilian"/></concept><concept><code value="sco"/><display value="Scots"/></concept><concept><code value="sel"/><display value="Selkup"/></concept><concept><code value="shn"/><display value="Shan"/></concept><concept><code value="sid"/><display value="Sidamo"/></concept><concept><code value="si"/><display value="Sinhala"/></concept><concept><code value="sk"/><display value="Slovak"/></concept><concept><code value="sl"/><display value="Slovenian"/></concept><concept><code value="sma"/><display value="Southern Sami"/></concept><concept><code value="se"/><display value="Northern Sami"/></concept><concept><code value="smj"/><display value="Lule Sami"/></concept><concept><code value="smn"/><display value="Inari Sami"/></concept><concept><code value="sm"/><display value="Samoan"/></concept><concept><code value="sms"/><display value="Skolt Sami"/></concept><concept><code value="sn"/><display value="Shona"/></concept><concept><code value="sd"/><display value="Sindhi"/></concept><concept><code value="snk"/><display value="Soninke"/></concept><concept><code value="so"/><display value="Somali"/></concept><concept><code value="st"/><display value="Southern Sotho"/></concept><concept><code value="es"/><display value="Spanish"/></concept><concept><code value="es-PR"/><display value="Spanish (Puerto Rican)"/></concept><concept><code value="sq"/><display value="Albanian"/></concept><concept><code value="sc"/><display value="Sardinian"/></concept><concept><code value="srn"/><display value="Sranan Tongo"/></concept><concept><code value="sr"/><display value="Serbian"/></concept><concept><code value="srr"/><display value="Serer"/></concept><concept><code value="ss"/><display value="Swati"/></concept><concept><code value="suk"/><display value="Sukuma"/></concept><concept><code value="su"/><display value="Sundanese"/></concept><concept><code value="sus"/><display value="Susu"/></concept><concept><code value="sw"/><display value="Swahili"/></concept><concept><code value="sv"/><display value="Swedish"/></concept><concept><code value="syr"/><display value="Syriac"/></concept><concept><code value="ty"/><display value="Tahitian"/></concept><concept><code value="ta"/><display value="Tamil"/></concept><concept><code value="tt"/><display value="Tatar"/></concept><concept><code value="te"/><display value="Telugu"/></concept><concept><code value="tem"/><display value="Timne"/></concept><concept><code value="ter"/><display value="Tereno"/></concept><concept><code value="tet"/><display value="Tetum"/></concept><concept><code value="tg"/><display value="Tajik"/></concept><concept><code value="tl"/><display value="Tagalog"/></concept><concept><code value="th"/><display value="Thai"/></concept><concept><code value="tig"/><display value="Tigre"/></concept><concept><code value="ti"/><display value="Tigrinya"/></concept><concept><code value="tiv"/><display value="Tiv"/></concept><concept><code value="tkl"/><display value="Tokelau"/></concept><concept><code value="tli"/><display value="Tlingit"/></concept><concept><code value="tmh"/><display value="Tamashek"/></concept><concept><code value="tog"/><display value="Tonga (Nyasa)"/></concept><concept><code value="to"/><display value="Tonga (Tonga Islands)"/></concept><concept><code value="tpi"/><display value="Tok Pisin"/></concept><concept><code value="tsi"/><display value="Tsimshian"/></concept><concept><code value="tn"/><display value="Tswana"/></concept><concept><code value="ts"/><display value="Tsonga"/></concept><concept><code value="tk"/><display value="Turkmen"/></concept><concept><code value="tum"/><display value="Tumbuka"/></concept><concept><code value="tr"/><display value="Turkish"/></concept><concept><code value="tvl"/><display value="Tuvalu"/></concept><concept><code value="tw"/><display value="Twi"/></concept><concept><code value="tyv"/><display value="Tuvinian"/></concept><concept><code value="udm"/><display value="Udmurt"/></concept><concept><code value="ug"/><display value="Uighur"/></concept><concept><code value="uk"/><display value="Ukrainian"/></concept><concept><code value="umb"/><display value="Umbundu"/></concept><concept><code value="ur"/><display value="Urdu"/></concept><concept><code value="uz"/><display value="Uzbek"/></concept><concept><code value="vai"/><display value="Vai"/></concept><concept><code value="ve"/><display value="Venda"/></concept><concept><code value="vi"/><display value="Vietnamese"/></concept><concept><code value="vot"/><display value="Votic"/></concept><concept><code value="wal"/><display value="Wolaytta"/></concept><concept><code value="war"/><display value="Waray (Philippines)"/></concept><concept><code value="was"/><display value="Washo"/></concept><concept><code value="wa"/><display value="Walloon"/></concept><concept><code value="wo"/><display value="Wolof"/></concept><concept><code value="xal"/><display value="Kalmyk"/></concept><concept><code value="xh"/><display value="Xhosa"/></concept><concept><code value="yao"/><display value="Yao"/></concept><concept><code value="yap"/><display value="Yapese"/></concept><concept><code value="yi"/><display value="Yiddish"/></concept><concept><code value="yo"/><display value="Yoruba"/></concept><concept><code value="zap"/><display value="Zapotec"/></concept><concept><code value="zen"/><display value="Zenaga"/></concept><concept><code value="zgh"/><display value="Standard Moroccan Tamazight"/></concept><concept><code value="za"/><display value="Zhuang"/></concept><concept><code value="zh"/><display value="Chinese"/></concept><concept><code value="zu"/><display value="Zulu"/></concept><concept><code value="zun"/><display value="Zuni"/></concept><concept><code value="zza"/><display value="Zaza"/></concept></include></compose></ValueSet>