[
  {
    "id": "saraalert-fhir",
    "type": "ImplementationGuide",
    "url": "http://saraalert.org/ImplementationGuide/saraalert-fhir",
    "version": "1.0.0",
    "name": "SaraAlert"
  },
  {
    "id": "additional-planned-travel-notes",
    "type": "StructureDefinition",
    "url": "http://saraalert.org/StructureDefinition/additional-planned-travel-notes",
    "version": "1.0.0",
    "name": "AdditionalPlannedTravelNotes"
  },
  {
    "id": "additional-planned-travel-start-date",
    "type": "StructureDefinition",
    "url": "http://saraalert.org/StructureDefinition/additional-planned-travel-start-date",
    "version": "1.0.0",
    "name": "AdditionalPlannedTravelStartDate"
  },
  {
    "id": "address-type",
    "type": "StructureDefinition",
    "url": "http://saraalert.org/StructureDefinition/address-type",
    "version": "1.0.0",
    "name": "AddressType"
  },
  {
    "id": "assigned-user",
    "type": "StructureDefinition",
    "url": "http://saraalert.org/StructureDefinition/assigned-user",
    "version": "1.0.0",
    "name": "AssignedUser"
  },
  {
    "id": "comment",
    "type": "StructureDefinition",
    "url": "http://saraalert.org/StructureDefinition/comment",
    "version": "1.0.0",
    "name": "Comment"
  },
  {
    "id": "contact-attempts",
    "type": "StructureDefinition",
    "url": "http://saraalert.org/StructureDefinition/contact-attempts",
    "version": "1.0.0",
    "name": "ContactAttempts"
  },
  {
    "id": "continuous-exposure",
    "type": "StructureDefinition",
    "url": "http://saraalert.org/StructureDefinition/continuous-exposure",
    "version": "1.0.0",
    "name": "ContinuousExposure"
  },
  {
    "id": "date-of-arrival",
    "type": "StructureDefinition",
    "url": "http://saraalert.org/StructureDefinition/date-of-arrival",
    "version": "1.0.0",
    "name": "DateOfArrival"
  },
  {
    "id": "date-of-departure",
    "type": "StructureDefinition",
    "url": "http://saraalert.org/StructureDefinition/date-of-departure",
    "version": "1.0.0",
    "name": "DateOfDeparture"
  },
  {
    "id": "enrolled-patient",
    "type": "StructureDefinition",
    "url": "http://saraalert.org/StructureDefinition/enrolled-patient",
    "version": "1.0.0",
    "name": "EnrolledPatient"
  },
  {
    "id": "exposure-notes",
    "type": "StructureDefinition",
    "url": "http://saraalert.org/StructureDefinition/exposure-notes",
    "version": "1.0.0",
    "name": "ExposureNotes"
  },
  {
    "id": "flight-or-vessel-carrier",
    "type": "StructureDefinition",
    "url": "http://saraalert.org/StructureDefinition/flight-or-vessel-carrier",
    "version": "1.0.0",
    "name": "FlightOrVesselCarrier"
  },
  {
    "id": "flight-or-vessel-number",
    "type": "StructureDefinition",
    "url": "http://saraalert.org/StructureDefinition/flight-or-vessel-number",
    "version": "1.0.0",
    "name": "FlightOrVesselNumber"
  },
  {
    "id": "full-assigned-jurisdiction-path",
    "type": "StructureDefinition",
    "url": "http://saraalert.org/StructureDefinition/full-assigned-jurisdiction-path",
    "version": "1.0.0",
    "name": "FullAssignedJurisdictionPath"
  },
  {
    "id": "history-type",
    "type": "StructureDefinition",
    "url": "http://saraalert.org/StructureDefinition/history-type",
    "version": "1.0.0",
    "name": "HistoryType"
  },
  {
    "id": "isolation",
    "type": "StructureDefinition",
    "url": "http://saraalert.org/StructureDefinition/isolation",
    "version": "1.0.0",
    "name": "Isolation"
  },
  {
    "id": "last-date-of-exposure",
    "type": "StructureDefinition",
    "url": "http://saraalert.org/StructureDefinition/last-date-of-exposure",
    "version": "1.0.0",
    "name": "LastDateOfExposure"
  },
  {
    "id": "monitoring-plan",
    "type": "StructureDefinition",
    "url": "http://saraalert.org/StructureDefinition/monitoring-plan",
    "version": "1.0.0",
    "name": "MonitoringPlan"
  },
  {
    "id": "notes",
    "type": "StructureDefinition",
    "url": "http://saraalert.org/StructureDefinition/notes",
    "version": "1.0.0",
    "name": "Notes"
  },
  {
    "id": "phone-type",
    "type": "StructureDefinition",
    "url": "http://saraalert.org/StructureDefinition/phone-type",
    "version": "1.0.0",
    "name": "PhoneType"
  },
  {
    "id": "port-of-origin",
    "type": "StructureDefinition",
    "url": "http://saraalert.org/StructureDefinition/port-of-origin",
    "version": "1.0.0",
    "name": "PortOfOrigin"
  },
  {
    "id": "preferred-contact-method",
    "type": "StructureDefinition",
    "url": "http://saraalert.org/StructureDefinition/preferred-contact-method",
    "version": "1.0.0",
    "name": "PreferredContactMethod"
  },
  {
    "id": "preferred-contact-time",
    "type": "StructureDefinition",
    "url": "http://saraalert.org/StructureDefinition/preferred-contact-time",
    "version": "1.0.0",
    "name": "PreferredContactTime"
  },
  {
    "id": "sara-alert-immunization",
    "type": "StructureDefinition",
    "url": "http://saraalert.org/StructureDefinition/sara-alert-immunization",
    "version": "1.0.0",
    "name": "SaraAlertImmunization"
  },
  {
    "id": "sara-alert-observation",
    "type": "StructureDefinition",
    "url": "http://saraalert.org/StructureDefinition/sara-alert-observation",
    "version": "1.0.0",
    "name": "SaraAlertObservation"
  },
  {
    "id": "sara-alert-patient",
    "type": "StructureDefinition",
    "url": "http://saraalert.org/StructureDefinition/sara-alert-patient",
    "version": "1.0.0",
    "name": "SaraAlertPatient"
  },
  {
    "id": "sara-alert-provenance",
    "type": "StructureDefinition",
    "url": "http://saraalert.org/StructureDefinition/sara-alert-provenance",
    "version": "1.0.0",
    "name": "SaraAlertProvenance"
  },
  {
    "id": "sara-alert-questionnaire-response",
    "type": "StructureDefinition",
    "url": "http://saraalert.org/StructureDefinition/sara-alert-questionnaire-response",
    "version": "1.0.0",
    "name": "SaraAlertQuestionnaireResponse"
  },
  {
    "id": "sara-alert-related-person",
    "type": "StructureDefinition",
    "url": "http://saraalert.org/StructureDefinition/sara-alert-related-person",
    "version": "1.0.0",
    "name": "SaraAlertRelatedPerson"
  },
  {
    "id": "symptom-onset-date",
    "type": "StructureDefinition",
    "url": "http://saraalert.org/StructureDefinition/symptom-onset-date",
    "version": "1.0.0",
    "name": "SymptomOnsetDate"
  },
  {
    "id": "travel-related-notes",
    "type": "StructureDefinition",
    "url": "http://saraalert.org/StructureDefinition/travel-related-notes",
    "version": "1.0.0",
    "name": "TravelRelatedNotes"
  },
  {
    "id": "SaraAlertLabResult",
    "type": "ValueSet",
    "url": "http://saraalert.org/ValueSet/SaraAlertLabResult",
    "version": "1.0.0",
    "name": "SaraAlertLabResult"
  },
  {
    "id": "SaraAlertLabType",
    "type": "ValueSet",
    "url": "http://saraalert.org/ValueSet/SaraAlertLabType",
    "version": "1.0.0",
    "name": "SaraAlertLabType"
  },
  {
    "id": "SaraAlertLanguage",
    "type": "ValueSet",
    "url": "http://saraalert.org/ValueSet/SaraAlertLanguage",
    "version": "1.0.0",
    "name": "SaraAlertLanguage"
  },
  {
    "id": "covid-19-vaccines",
    "type": "ValueSet",
    "url": "http://saraalert.org/ValueSet/covid-19-vaccines",
    "version": "1.0.0",
    "name": "COVID19VaccinesValueSet"
  }
]