{
  "resourceType" : "Bundle",
  "id" : "f2156934-6777-43bf-8e8c-0a7be9f8c2a0",
  "meta" : {
    "lastUpdated" : "2021-09-07T08:24:04.881-04:00"
  },
  "type" : "collection",
  "entry" : [{
    "fullUrl" : "http://saraalert.org/ValueSet/SaraAlertLabResult",
    "resource" : {
      "resourceType" : "ValueSet",
      "id" : "SaraAlertLabResult",
      "text" : {
        "status" : "generated",
        "div" : "<div xmlns=\"http://www.w3.org/1999/xhtml\"><p>This value set contains 4 concepts</p><div style=\"border: black 1px dotted; background-color: #EEEEEE; padding: 8px; margin-bottom: 8px\"><p>Expansion based on: </p><ul><li><a href=\"http://terminology.hl7.org/2.0.0/CodeSystem-v3-NullFlavor.html\">NullFlavor v2.0.0 (CodeSystem)</a></li><li>SNOMED CT International edition 31-Jul 2021</li></ul></div><table class=\"codes\"><tr><td style=\"white-space:nowrap\"><b>Code</b></td><td><b>System</b></td><td><b>Display</b></td><td><b>Definition</b></td></tr><tr><td style=\"white-space:nowrap\"><a name=\"http---snomed.info-sct-10828004\"> </a><a href=\"http://browser.ihtsdotools.org/?perspective=full&amp;conceptId1=10828004\">10828004</a></td><td>http://snomed.info/sct</td><td>Positive</td><td/></tr><tr><td style=\"white-space:nowrap\"><a name=\"http---snomed.info-sct-260385009\"> </a><a href=\"http://browser.ihtsdotools.org/?perspective=full&amp;conceptId1=260385009\">260385009</a></td><td>http://snomed.info/sct</td><td>Negative</td><td/></tr><tr><td style=\"white-space:nowrap\"><a name=\"http---snomed.info-sct-82334004\"> </a><a href=\"http://browser.ihtsdotools.org/?perspective=full&amp;conceptId1=82334004\">82334004</a></td><td>http://snomed.info/sct</td><td>Indeterminate</td><td/></tr><tr><td style=\"white-space:nowrap\"><a name=\"http---terminology.hl7.org-CodeSystem-v3-NullFlavor-OTH\"> </a><a href=\"http://terminology.hl7.org/2.0.0/CodeSystem-v3-NullFlavor.html#v3-NullFlavor-OTH\">OTH</a></td><td>http://terminology.hl7.org/CodeSystem/v3-NullFlavor</td><td>other</td><td>**Description:**The actual value is not a member of the set of permitted data values in the constrained value domain of a variable. (e.g., concept not provided by required code system).\r\n\r\n**Usage Notes**: This flavor and its specializations are most commonly used with the CD datatype and its flavors. However, it may apply to \\*any\\* datatype where the constraints of the type are tighter than can be conveyed. For example, a PQ that is for a true measured amount whose units are not supported in UCUM, a need to convey a REAL when the type has been constrained to INT, etc.\r\n\r\nWith coded datatypes, this null flavor may only be used if the vocabulary binding has a coding strength of CNE. By definition, all local codes and original text are part of the value set if the coding strength is CWE.</td></tr></table></div>"
      },
      "url" : "http://saraalert.org/ValueSet/SaraAlertLabResult",
      "version" : "1.0.0",
      "name" : "SaraAlertLabResult",
      "status" : "active",
      "date" : "2021-09-07T08:24:04-04:00",
      "publisher" : "The MITRE Corporation",
      "contact" : [{
        "name" : "The MITRE Corporation",
        "telecom" : [{
          "system" : "url",
          "value" : "http://www.mitre.org"
        }]
      }],
      "expansion" : {
        "identifier" : "urn:uuid:3a72aaf4-84e2-4849-a69c-396c144e53df",
        "timestamp" : "2021-09-07T08:24:21-04:00",
        "total" : 4,
        "parameter" : [{
          "name" : "excludeNested",
          "valueBoolean" : false
        },
        {
          "name" : "limitedExpansion",
          "valueBoolean" : true
        },
        {
          "name" : "version",
          "valueString" : "http://snomed.info/sct|http://snomed.info/sct/900000000000207008/version/20210731"
        },
        {
          "name" : "version",
          "valueUri" : "http://terminology.hl7.org/CodeSystem/v3-NullFlavor|2.0.0"
        }],
        "contains" : [{
          "system" : "http://snomed.info/sct",
          "code" : "10828004",
          "display" : "Positive"
        },
        {
          "system" : "http://snomed.info/sct",
          "code" : "260385009",
          "display" : "Negative"
        },
        {
          "system" : "http://snomed.info/sct",
          "code" : "82334004",
          "display" : "Indeterminate"
        },
        {
          "system" : "http://terminology.hl7.org/CodeSystem/v3-NullFlavor",
          "code" : "OTH",
          "display" : "other"
        }]
      }
    }
  },
  {
    "fullUrl" : "http://saraalert.org/ValueSet/SaraAlertSexualOrientation",
    "resource" : {
      "resourceType" : "ValueSet",
      "id" : "SaraAlertSexualOrientation",
      "text" : {
        "status" : "generated",
        "div" : "<div xmlns=\"http://www.w3.org/1999/xhtml\"><p>This value set contains 6 concepts</p><div style=\"border: black 1px dotted; background-color: #EEEEEE; padding: 8px; margin-bottom: 8px\"><p>Expansion based on: </p><ul><li><a href=\"http://terminology.hl7.org/2.0.0/CodeSystem-v3-NullFlavor.html\">NullFlavor v2.0.0 (CodeSystem)</a></li><li>SNOMED CT International edition 31-Jul 2021</li></ul></div><table class=\"codes\"><tr><td style=\"white-space:nowrap\"><b>Code</b></td><td><b>System</b></td><td><b>Display</b></td><td><b>Definition</b></td></tr><tr><td style=\"white-space:nowrap\"><a name=\"http---snomed.info-sct-38628009\"> </a><a href=\"http://browser.ihtsdotools.org/?perspective=full&amp;conceptId1=38628009\">38628009</a></td><td>http://snomed.info/sct</td><td>Homosexuality</td><td/></tr><tr><td style=\"white-space:nowrap\"><a name=\"http---snomed.info-sct-20430005\"> </a><a href=\"http://browser.ihtsdotools.org/?perspective=full&amp;conceptId1=20430005\">20430005</a></td><td>http://snomed.info/sct</td><td>Heterosexual state</td><td/></tr><tr><td style=\"white-space:nowrap\"><a name=\"http---snomed.info-sct-42035005\"> </a><a href=\"http://browser.ihtsdotools.org/?perspective=full&amp;conceptId1=42035005\">42035005</a></td><td>http://snomed.info/sct</td><td>Bisexual state</td><td/></tr><tr><td style=\"white-space:nowrap\"><a name=\"http---terminology.hl7.org-CodeSystem-v3-NullFlavor-OTH\"> </a><a href=\"http://terminology.hl7.org/2.0.0/CodeSystem-v3-NullFlavor.html#v3-NullFlavor-OTH\">OTH</a></td><td>http://terminology.hl7.org/CodeSystem/v3-NullFlavor</td><td>other</td><td>**Description:**The actual value is not a member of the set of permitted data values in the constrained value domain of a variable. (e.g., concept not provided by required code system).\r\n\r\n**Usage Notes**: This flavor and its specializations are most commonly used with the CD datatype and its flavors. However, it may apply to \\*any\\* datatype where the constraints of the type are tighter than can be conveyed. For example, a PQ that is for a true measured amount whose units are not supported in UCUM, a need to convey a REAL when the type has been constrained to INT, etc.\r\n\r\nWith coded datatypes, this null flavor may only be used if the vocabulary binding has a coding strength of CNE. By definition, all local codes and original text are part of the value set if the coding strength is CWE.</td></tr><tr><td style=\"white-space:nowrap\"><a name=\"http---terminology.hl7.org-CodeSystem-v3-NullFlavor-UNK\"> </a><a href=\"http://terminology.hl7.org/2.0.0/CodeSystem-v3-NullFlavor.html#v3-NullFlavor-UNK\">UNK</a></td><td>http://terminology.hl7.org/CodeSystem/v3-NullFlavor</td><td>unknown</td><td>**Description:**A proper value is applicable, but not known.\r\n\r\n**Usage Notes**: This means the actual value is not known. If the only thing that is unknown is how to properly express the value in the necessary constraints (value set, datatype, etc.), then the OTH or UNC flavor should be used. No properties should be included for a datatype with this property unless:\r\n\r\n1.  Those properties themselves directly translate to a semantic of &quot;unknown&quot;. (E.g. a local code sent as a translation that conveys 'unknown')\r\n2.  Those properties further qualify the nature of what is unknown. (E.g. specifying a use code of &quot;H&quot; and a URL prefix of &quot;tel:&quot; to convey that it is the home phone number that is unknown.)</td></tr><tr><td style=\"white-space:nowrap\"><a name=\"http---terminology.hl7.org-CodeSystem-v3-NullFlavor-ASKU\"> </a><a href=\"http://terminology.hl7.org/2.0.0/CodeSystem-v3-NullFlavor.html#v3-NullFlavor-ASKU\">ASKU</a></td><td>http://terminology.hl7.org/CodeSystem/v3-NullFlavor</td><td>asked but unknown</td><td>Information was sought but not found (e.g., patient was asked but didn't know)</td></tr></table></div>"
      },
      "url" : "http://saraalert.org/ValueSet/SaraAlertSexualOrientation",
      "version" : "1.0.0",
      "name" : "SaraAlertSexualOrientation",
      "status" : "active",
      "date" : "2021-09-07T08:24:04-04:00",
      "publisher" : "The MITRE Corporation",
      "contact" : [{
        "name" : "The MITRE Corporation",
        "telecom" : [{
          "system" : "url",
          "value" : "http://www.mitre.org"
        }]
      }],
      "expansion" : {
        "identifier" : "urn:uuid:b9b4bb7d-75ce-4abb-b239-5f35c6b29734",
        "timestamp" : "2021-09-07T08:24:22-04:00",
        "total" : 6,
        "parameter" : [{
          "name" : "excludeNested",
          "valueBoolean" : false
        },
        {
          "name" : "limitedExpansion",
          "valueBoolean" : true
        },
        {
          "name" : "version",
          "valueString" : "http://snomed.info/sct|http://snomed.info/sct/900000000000207008/version/20210731"
        },
        {
          "name" : "version",
          "valueUri" : "http://terminology.hl7.org/CodeSystem/v3-NullFlavor|2.0.0"
        }],
        "contains" : [{
          "system" : "http://snomed.info/sct",
          "code" : "38628009",
          "display" : "Homosexuality"
        },
        {
          "system" : "http://snomed.info/sct",
          "code" : "20430005",
          "display" : "Heterosexual state"
        },
        {
          "system" : "http://snomed.info/sct",
          "code" : "42035005",
          "display" : "Bisexual state"
        },
        {
          "system" : "http://terminology.hl7.org/CodeSystem/v3-NullFlavor",
          "code" : "OTH",
          "display" : "other"
        },
        {
          "system" : "http://terminology.hl7.org/CodeSystem/v3-NullFlavor",
          "code" : "UNK",
          "display" : "unknown"
        },
        {
          "system" : "http://terminology.hl7.org/CodeSystem/v3-NullFlavor",
          "code" : "ASKU",
          "display" : "asked but unknown"
        }]
      }
    }
  },
  {
    "fullUrl" : "http://saraalert.org/ValueSet/SaraAlertLabType",
    "resource" : {
      "resourceType" : "ValueSet",
      "id" : "SaraAlertLabType",
      "text" : {
        "status" : "generated",
        "div" : "<div xmlns=\"http://www.w3.org/1999/xhtml\"><p>This value set contains 8 concepts</p><div style=\"border: black 1px dotted; background-color: #EEEEEE; padding: 8px; margin-bottom: 8px\"><p>Expansion based on: </p><ul><li>Loinc v2.71</li><li><a href=\"http://terminology.hl7.org/2.0.0/CodeSystem-v3-NullFlavor.html\">NullFlavor v2.0.0 (CodeSystem)</a></li></ul></div><table class=\"codes\"><tr><td style=\"white-space:nowrap\"><b>Code</b></td><td><b>System</b></td><td><b>Display</b></td><td><b>Definition</b></td></tr><tr><td style=\"white-space:nowrap\"><a name=\"http---loinc.org-94500-6\"> </a><a href=\"http://details.loinc.org/LOINC/94500-6.html\">94500-6</a></td><td>http://loinc.org</td><td>SARS-CoV-2 (COVID-19) RNA [Presence] in Respiratory specimen by NAA with probe detection</td><td/></tr><tr><td style=\"white-space:nowrap\"><a name=\"http---loinc.org-94558-4\"> </a><a href=\"http://details.loinc.org/LOINC/94558-4.html\">94558-4</a></td><td>http://loinc.org</td><td>SARS-CoV-2 (COVID-19) Ag [Presence] in Respiratory specimen by Rapid immunoassay</td><td/></tr><tr><td style=\"white-space:nowrap\"><a name=\"http---loinc.org-94762-2\"> </a><a href=\"http://details.loinc.org/LOINC/94762-2.html\">94762-2</a></td><td>http://loinc.org</td><td>SARS-CoV-2 (COVID-19) Ab [Presence] in Serum or Plasma by Immunoassay</td><td/></tr><tr><td style=\"white-space:nowrap\"><a name=\"http---loinc.org-94563-4\"> </a><a href=\"http://details.loinc.org/LOINC/94563-4.html\">94563-4</a></td><td>http://loinc.org</td><td>SARS-CoV-2 (COVID-19) IgG Ab [Presence] in Serum or Plasma by Immunoassay</td><td/></tr><tr><td style=\"white-space:nowrap\"><a name=\"http---loinc.org-94564-2\"> </a><a href=\"http://details.loinc.org/LOINC/94564-2.html\">94564-2</a></td><td>http://loinc.org</td><td>SARS-CoV-2 (COVID-19) IgM Ab [Presence] in Serum or Plasma by Immunoassay</td><td/></tr><tr><td style=\"white-space:nowrap\"><a name=\"http---loinc.org-94562-6\"> </a><a href=\"http://details.loinc.org/LOINC/94562-6.html\">94562-6</a></td><td>http://loinc.org</td><td>SARS-CoV-2 (COVID-19) IgA Ab [Presence] in Serum or Plasma by Immunoassay</td><td/></tr><tr><td style=\"white-space:nowrap\"><a name=\"http---terminology.hl7.org-CodeSystem-v3-NullFlavor-OTH\"> </a><a href=\"http://terminology.hl7.org/2.0.0/CodeSystem-v3-NullFlavor.html#v3-NullFlavor-OTH\">OTH</a></td><td>http://terminology.hl7.org/CodeSystem/v3-NullFlavor</td><td>other</td><td>**Description:**The actual value is not a member of the set of permitted data values in the constrained value domain of a variable. (e.g., concept not provided by required code system).\r\n\r\n**Usage Notes**: This flavor and its specializations are most commonly used with the CD datatype and its flavors. However, it may apply to \\*any\\* datatype where the constraints of the type are tighter than can be conveyed. For example, a PQ that is for a true measured amount whose units are not supported in UCUM, a need to convey a REAL when the type has been constrained to INT, etc.\r\n\r\nWith coded datatypes, this null flavor may only be used if the vocabulary binding has a coding strength of CNE. By definition, all local codes and original text are part of the value set if the coding strength is CWE.</td></tr><tr><td style=\"white-space:nowrap\"><a name=\"http---terminology.hl7.org-CodeSystem-v3-NullFlavor-UNK\"> </a><a href=\"http://terminology.hl7.org/2.0.0/CodeSystem-v3-NullFlavor.html#v3-NullFlavor-UNK\">UNK</a></td><td>http://terminology.hl7.org/CodeSystem/v3-NullFlavor</td><td>unknown</td><td>**Description:**A proper value is applicable, but not known.\r\n\r\n**Usage Notes**: This means the actual value is not known. If the only thing that is unknown is how to properly express the value in the necessary constraints (value set, datatype, etc.), then the OTH or UNC flavor should be used. No properties should be included for a datatype with this property unless:\r\n\r\n1.  Those properties themselves directly translate to a semantic of &quot;unknown&quot;. (E.g. a local code sent as a translation that conveys 'unknown')\r\n2.  Those properties further qualify the nature of what is unknown. (E.g. specifying a use code of &quot;H&quot; and a URL prefix of &quot;tel:&quot; to convey that it is the home phone number that is unknown.)</td></tr></table></div>"
      },
      "url" : "http://saraalert.org/ValueSet/SaraAlertLabType",
      "version" : "1.0.0",
      "name" : "SaraAlertLabType",
      "status" : "active",
      "date" : "2021-09-07T08:24:04-04:00",
      "publisher" : "The MITRE Corporation",
      "contact" : [{
        "name" : "The MITRE Corporation",
        "telecom" : [{
          "system" : "url",
          "value" : "http://www.mitre.org"
        }]
      }],
      "expansion" : {
        "identifier" : "urn:uuid:d2326487-2167-46ac-bd80-683a584a795c",
        "timestamp" : "2021-09-07T08:24:25-04:00",
        "total" : 8,
        "parameter" : [{
          "name" : "excludeNested",
          "valueBoolean" : false
        },
        {
          "name" : "limitedExpansion",
          "valueBoolean" : true
        },
        {
          "name" : "version",
          "valueString" : "http://loinc.org|2.71"
        },
        {
          "name" : "version",
          "valueUri" : "http://terminology.hl7.org/CodeSystem/v3-NullFlavor|2.0.0"
        }],
        "contains" : [{
          "system" : "http://loinc.org",
          "code" : "94500-6",
          "display" : "SARS-CoV-2 (COVID-19) RNA [Presence] in Respiratory specimen by NAA with probe detection"
        },
        {
          "system" : "http://loinc.org",
          "code" : "94558-4",
          "display" : "SARS-CoV-2 (COVID-19) Ag [Presence] in Respiratory specimen by Rapid immunoassay"
        },
        {
          "system" : "http://loinc.org",
          "code" : "94762-2",
          "display" : "SARS-CoV-2 (COVID-19) Ab [Presence] in Serum or Plasma by Immunoassay"
        },
        {
          "system" : "http://loinc.org",
          "code" : "94563-4",
          "display" : "SARS-CoV-2 (COVID-19) IgG Ab [Presence] in Serum or Plasma by Immunoassay"
        },
        {
          "system" : "http://loinc.org",
          "code" : "94564-2",
          "display" : "SARS-CoV-2 (COVID-19) IgM Ab [Presence] in Serum or Plasma by Immunoassay"
        },
        {
          "system" : "http://loinc.org",
          "code" : "94562-6",
          "display" : "SARS-CoV-2 (COVID-19) IgA Ab [Presence] in Serum or Plasma by Immunoassay"
        },
        {
          "system" : "http://terminology.hl7.org/CodeSystem/v3-NullFlavor",
          "code" : "OTH",
          "display" : "other"
        },
        {
          "system" : "http://terminology.hl7.org/CodeSystem/v3-NullFlavor",
          "code" : "UNK",
          "display" : "unknown"
        }]
      }
    }
  },
  {
    "fullUrl" : "http://saraalert.org/ValueSet/covid-19-vaccines",
    "resource" : {
      "resourceType" : "ValueSet",
      "id" : "covid-19-vaccines",
      "text" : {
        "status" : "generated",
        "div" : "<div xmlns=\"http://www.w3.org/1999/xhtml\"><p>This value set contains 4 concepts</p><div style=\"border: black 1px dotted; background-color: #EEEEEE; padding: 8px; margin-bottom: 8px\"><p>Expansion based on: </p><ul><li><a href=\"http://terminology.hl7.org/2.0.0/CodeSystem-v3-NullFlavor.html\">NullFlavor v2.0.0 (CodeSystem)</a></li><li>http://hl7.org/fhir/sid/cvx version 20210406</li></ul></div><table class=\"codes\"><tr><td style=\"white-space:nowrap\"><b>Code</b></td><td><b>System</b></td><td><b>Display</b></td><td><b>Definition</b></td></tr><tr><td style=\"white-space:nowrap\"><a name=\"http---hl7.org-fhir-sid-cvx-207\"> </a>207</td><td>http://hl7.org/fhir/sid/cvx</td><td>SARS-COV-2 (COVID-19) vaccine, mRNA, spike protein, LNP, preservative free, 100 mcg/0.5mL dose</td><td/></tr><tr><td style=\"white-space:nowrap\"><a name=\"http---hl7.org-fhir-sid-cvx-208\"> </a>208</td><td>http://hl7.org/fhir/sid/cvx</td><td>SARS-COV-2 (COVID-19) vaccine, mRNA, spike protein, LNP, preservative free, 30 mcg/0.3mL dose</td><td/></tr><tr><td style=\"white-space:nowrap\"><a name=\"http---hl7.org-fhir-sid-cvx-212\"> </a>212</td><td>http://hl7.org/fhir/sid/cvx</td><td>SARS-COV-2 (COVID-19) vaccine, vector non-replicating, recombinant spike protein-Ad26, preservative free, 0.5 ml</td><td/></tr><tr><td style=\"white-space:nowrap\"><a name=\"http---terminology.hl7.org-CodeSystem-v3-NullFlavor-UNK\"> </a><a href=\"http://terminology.hl7.org/2.0.0/CodeSystem-v3-NullFlavor.html#v3-NullFlavor-UNK\">UNK</a></td><td>http://terminology.hl7.org/CodeSystem/v3-NullFlavor</td><td>unknown</td><td>**Description:**A proper value is applicable, but not known.\r\n\r\n**Usage Notes**: This means the actual value is not known. If the only thing that is unknown is how to properly express the value in the necessary constraints (value set, datatype, etc.), then the OTH or UNC flavor should be used. No properties should be included for a datatype with this property unless:\r\n\r\n1.  Those properties themselves directly translate to a semantic of &quot;unknown&quot;. (E.g. a local code sent as a translation that conveys 'unknown')\r\n2.  Those properties further qualify the nature of what is unknown. (E.g. specifying a use code of &quot;H&quot; and a URL prefix of &quot;tel:&quot; to convey that it is the home phone number that is unknown.)</td></tr></table></div>"
      },
      "url" : "http://saraalert.org/ValueSet/covid-19-vaccines",
      "version" : "1.0.0",
      "name" : "COVID19VaccinesValueSet",
      "title" : "COVID-19 Vaccines Value Set",
      "status" : "active",
      "date" : "2021-09-07T08:24:04-04:00",
      "publisher" : "The MITRE Corporation",
      "contact" : [{
        "name" : "The MITRE Corporation",
        "telecom" : [{
          "system" : "url",
          "value" : "http://www.mitre.org"
        }]
      }],
      "expansion" : {
        "identifier" : "urn:uuid:068a2475-15b2-478d-9777-5b37914cd53f",
        "timestamp" : "2021-09-07T08:24:27-04:00",
        "total" : 4,
        "parameter" : [{
          "name" : "excludeNested",
          "valueBoolean" : false
        },
        {
          "name" : "limitedExpansion",
          "valueBoolean" : true
        },
        {
          "name" : "version",
          "valueString" : "http://hl7.org/fhir/sid/cvx|20210406"
        },
        {
          "name" : "version",
          "valueUri" : "http://terminology.hl7.org/CodeSystem/v3-NullFlavor|2.0.0"
        }],
        "contains" : [{
          "system" : "http://hl7.org/fhir/sid/cvx",
          "code" : "207",
          "display" : "SARS-COV-2 (COVID-19) vaccine, mRNA, spike protein, LNP, preservative free, 100 mcg/0.5mL dose"
        },
        {
          "system" : "http://hl7.org/fhir/sid/cvx",
          "code" : "208",
          "display" : "SARS-COV-2 (COVID-19) vaccine, mRNA, spike protein, LNP, preservative free, 30 mcg/0.3mL dose"
        },
        {
          "system" : "http://hl7.org/fhir/sid/cvx",
          "code" : "212",
          "display" : "SARS-COV-2 (COVID-19) vaccine, vector non-replicating, recombinant spike protein-Ad26, preservative free, 0.5 ml"
        },
        {
          "system" : "http://terminology.hl7.org/CodeSystem/v3-NullFlavor",
          "code" : "UNK",
          "display" : "unknown"
        }]
      }
    }
  }]
}