{
  "resourceType" : "Bundle",
  "id" : "469c0d4c-3ad4-46fb-9a99-ca249d1cdaa5",
  "meta" : {
    "lastUpdated" : "2021-05-17T13:06:35.735-05:00"
  },
  "type" : "collection",
  "entry" : [{
    "resource" : {
      "resourceType" : "ValueSet",
      "text" : {
        "status" : "generated",
        "div" : "<div xmlns=\"http://www.w3.org/1999/xhtml\"><p>This value set contains 368 concepts</p><p>All codes from system <a href=\"http://terminology.hl7.org/2.0.0/CodeSystem-v3-ietf3066.html\"><code>urn:ietf:bcp:47</code></a></p><table class=\"codes\"><tr><td style=\"white-space:nowrap\"><b>Code</b></td><td><b>Display</b></td><td><b>Definition</b></td></tr><tr><td style=\"white-space:nowrap\"><a name=\"urn-ietf-bcp-47-aa\"> </a>aa</td><td>Afar</td><td/></tr><tr><td style=\"white-space:nowrap\"><a name=\"urn-ietf-bcp-47-ab\"> </a>ab</td><td>Abkhazian</td><td/></tr><tr><td style=\"white-space:nowrap\"><a name=\"urn-ietf-bcp-47-ace\"> </a>ace</td><td>Achinese</td><td/></tr><tr><td style=\"white-space:nowrap\"><a name=\"urn-ietf-bcp-47-ach\"> </a>ach</td><td>Acoli</td><td/></tr><tr><td style=\"white-space:nowrap\"><a name=\"urn-ietf-bcp-47-ada\"> </a>ada</td><td>Adangme</td><td/></tr><tr><td style=\"white-space:nowrap\"><a name=\"urn-ietf-bcp-47-ady\"> </a>ady</td><td>Adyghe</td><td/></tr><tr><td style=\"white-space:nowrap\"><a name=\"urn-ietf-bcp-47-af\"> </a>af</td><td>Afrikaans</td><td/></tr><tr><td style=\"white-space:nowrap\"><a name=\"urn-ietf-bcp-47-ain\"> </a>ain</td><td>Ainu (Japan)</td><td/></tr><tr><td style=\"white-space:nowrap\"><a name=\"urn-ietf-bcp-47-ak\"> </a>ak</td><td>Akan</td><td/></tr><tr><td style=\"white-space:nowrap\"><a name=\"urn-ietf-bcp-47-ale\"> </a>ale</td><td>Aleut</td><td/></tr><tr><td style=\"white-space:nowrap\"><a name=\"urn-ietf-bcp-47-alt\"> </a>alt</td><td>Southern Altai</td><td/></tr><tr><td style=\"white-space:nowrap\"><a name=\"urn-ietf-bcp-47-am\"> </a>am</td><td>Amharic</td><td/></tr><tr><td style=\"white-space:nowrap\"><a name=\"urn-ietf-bcp-47-anp\"> </a>anp</td><td>Angika</td><td/></tr><tr><td style=\"white-space:nowrap\"><a name=\"urn-ietf-bcp-47-ar\"> </a>ar</td><td>Arabic</td><td/></tr><tr><td style=\"white-space:nowrap\"><a name=\"urn-ietf-bcp-47-an\"> </a>an</td><td>Aragonese</td><td/></tr><tr><td style=\"white-space:nowrap\"><a name=\"urn-ietf-bcp-47-arn\"> </a>arn</td><td>Mapudungun</td><td/></tr><tr><td style=\"white-space:nowrap\"><a name=\"urn-ietf-bcp-47-arp\"> </a>arp</td><td>Arapaho</td><td/></tr><tr><td style=\"white-space:nowrap\"><a name=\"urn-ietf-bcp-47-arw\"> </a>arw</td><td>Arawak</td><td/></tr><tr><td style=\"white-space:nowrap\"><a name=\"urn-ietf-bcp-47-ase\"> </a>ase</td><td>American Sign Language</td><td/></tr><tr><td style=\"white-space:nowrap\"><a name=\"urn-ietf-bcp-47-as\"> </a>as</td><td>Assamese</td><td/></tr><tr><td style=\"white-space:nowrap\"><a name=\"urn-ietf-bcp-47-ast\"> </a>ast</td><td>Asturian</td><td/></tr><tr><td style=\"white-space:nowrap\"><a name=\"urn-ietf-bcp-47-av\"> </a>av</td><td>Avaric</td><td/></tr><tr><td style=\"white-space:nowrap\"><a name=\"urn-ietf-bcp-47-awa\"> </a>awa</td><td>Awadhi</td><td/></tr><tr><td style=\"white-space:nowrap\"><a name=\"urn-ietf-bcp-47-ay\"> </a>ay</td><td>Aymara</td><td/></tr><tr><td style=\"white-space:nowrap\"><a name=\"urn-ietf-bcp-47-az\"> </a>az</td><td>Azerbaijani</td><td/></tr><tr><td style=\"white-space:nowrap\"><a name=\"urn-ietf-bcp-47-ba\"> </a>ba</td><td>Bashkir</td><td/></tr><tr><td style=\"white-space:nowrap\"><a name=\"urn-ietf-bcp-47-bal\"> </a>bal</td><td>Baluchi</td><td/></tr><tr><td style=\"white-space:nowrap\"><a name=\"urn-ietf-bcp-47-bm\"> </a>bm</td><td>Bambara</td><td/></tr><tr><td style=\"white-space:nowrap\"><a name=\"urn-ietf-bcp-47-ban\"> </a>ban</td><td>Balinese</td><td/></tr><tr><td style=\"white-space:nowrap\"><a name=\"urn-ietf-bcp-47-bas\"> </a>bas</td><td>Basa (Cameroon)</td><td/></tr><tr><td style=\"white-space:nowrap\"><a name=\"urn-ietf-bcp-47-bej\"> </a>bej</td><td>Beja</td><td/></tr><tr><td style=\"white-space:nowrap\"><a name=\"urn-ietf-bcp-47-be\"> </a>be</td><td>Belarusian</td><td/></tr><tr><td style=\"white-space:nowrap\"><a name=\"urn-ietf-bcp-47-bem\"> </a>bem</td><td>Bemba (Zambia)</td><td/></tr><tr><td style=\"white-space:nowrap\"><a name=\"urn-ietf-bcp-47-bn\"> </a>bn</td><td>Bengali</td><td/></tr><tr><td style=\"white-space:nowrap\"><a name=\"urn-ietf-bcp-47-bho\"> </a>bho</td><td>Bhojpuri</td><td/></tr><tr><td style=\"white-space:nowrap\"><a name=\"urn-ietf-bcp-47-bik\"> </a>bik</td><td>Bikol</td><td/></tr><tr><td style=\"white-space:nowrap\"><a name=\"urn-ietf-bcp-47-bin\"> </a>bin</td><td>Bini</td><td/></tr><tr><td style=\"white-space:nowrap\"><a name=\"urn-ietf-bcp-47-bi\"> </a>bi</td><td>Bislama</td><td/></tr><tr><td style=\"white-space:nowrap\"><a name=\"urn-ietf-bcp-47-bla\"> </a>bla</td><td>Siksika</td><td/></tr><tr><td style=\"white-space:nowrap\"><a name=\"urn-ietf-bcp-47-bo\"> </a>bo</td><td>Tibetan</td><td/></tr><tr><td style=\"white-space:nowrap\"><a name=\"urn-ietf-bcp-47-bs\"> </a>bs</td><td>Bosnian</td><td/></tr><tr><td style=\"white-space:nowrap\"><a name=\"urn-ietf-bcp-47-bra\"> </a>bra</td><td>Braj</td><td/></tr><tr><td style=\"white-space:nowrap\"><a name=\"urn-ietf-bcp-47-br\"> </a>br</td><td>Breton</td><td/></tr><tr><td style=\"white-space:nowrap\"><a name=\"urn-ietf-bcp-47-bua\"> </a>bua</td><td>Buriat</td><td/></tr><tr><td style=\"white-space:nowrap\"><a name=\"urn-ietf-bcp-47-bug\"> </a>bug</td><td>Buginese</td><td/></tr><tr><td style=\"white-space:nowrap\"><a name=\"urn-ietf-bcp-47-bg\"> </a>bg</td><td>Bulgarian</td><td/></tr><tr><td style=\"white-space:nowrap\"><a name=\"urn-ietf-bcp-47-byn\"> </a>byn</td><td>Bilin</td><td/></tr><tr><td style=\"white-space:nowrap\"><a name=\"urn-ietf-bcp-47-cad\"> </a>cad</td><td>Caddo</td><td/></tr><tr><td style=\"white-space:nowrap\"><a name=\"urn-ietf-bcp-47-car\"> </a>car</td><td>Galibi Carib</td><td/></tr><tr><td style=\"white-space:nowrap\"><a name=\"urn-ietf-bcp-47-ca\"> </a>ca</td><td>Catalan</td><td/></tr><tr><td style=\"white-space:nowrap\"><a name=\"urn-ietf-bcp-47-ceb\"> </a>ceb</td><td>Cebuano</td><td/></tr><tr><td style=\"white-space:nowrap\"><a name=\"urn-ietf-bcp-47-cs\"> </a>cs</td><td>Czech</td><td/></tr><tr><td style=\"white-space:nowrap\"><a name=\"urn-ietf-bcp-47-ch\"> </a>ch</td><td>Chamorro</td><td/></tr><tr><td style=\"white-space:nowrap\"><a name=\"urn-ietf-bcp-47-ce\"> </a>ce</td><td>Chechen</td><td/></tr><tr><td style=\"white-space:nowrap\"><a name=\"urn-ietf-bcp-47-chk\"> </a>chk</td><td>Chuukese</td><td/></tr><tr><td style=\"white-space:nowrap\"><a name=\"urn-ietf-bcp-47-chm\"> </a>chm</td><td>Mari (Russia)</td><td/></tr><tr><td style=\"white-space:nowrap\"><a name=\"urn-ietf-bcp-47-chn\"> </a>chn</td><td>Chinook jargon</td><td/></tr><tr><td style=\"white-space:nowrap\"><a name=\"urn-ietf-bcp-47-cho\"> </a>cho</td><td>Choctaw</td><td/></tr><tr><td style=\"white-space:nowrap\"><a name=\"urn-ietf-bcp-47-chp\"> </a>chp</td><td>Chipewyan</td><td/></tr><tr><td style=\"white-space:nowrap\"><a name=\"urn-ietf-bcp-47-chr\"> </a>chr</td><td>Cherokee</td><td/></tr><tr><td style=\"white-space:nowrap\"><a name=\"urn-ietf-bcp-47-cv\"> </a>cv</td><td>Chuvash</td><td/></tr><tr><td style=\"white-space:nowrap\"><a name=\"urn-ietf-bcp-47-chy\"> </a>chy</td><td>Cheyenne</td><td/></tr><tr><td style=\"white-space:nowrap\"><a name=\"urn-ietf-bcp-47-kw\"> </a>kw</td><td>Cornish</td><td/></tr><tr><td style=\"white-space:nowrap\"><a name=\"urn-ietf-bcp-47-co\"> </a>co</td><td>Corsican</td><td/></tr><tr><td style=\"white-space:nowrap\"><a name=\"urn-ietf-bcp-47-cr\"> </a>cr</td><td>Cree</td><td/></tr><tr><td style=\"white-space:nowrap\"><a name=\"urn-ietf-bcp-47-crh\"> </a>crh</td><td>Crimean Tatar</td><td/></tr><tr><td style=\"white-space:nowrap\"><a name=\"urn-ietf-bcp-47-csb\"> </a>csb</td><td>Kashubian</td><td/></tr><tr><td style=\"white-space:nowrap\"><a name=\"urn-ietf-bcp-47-cy\"> </a>cy</td><td>Welsh</td><td/></tr><tr><td style=\"white-space:nowrap\"><a name=\"urn-ietf-bcp-47-dak\"> </a>dak</td><td>Dakota</td><td/></tr><tr><td style=\"white-space:nowrap\"><a name=\"urn-ietf-bcp-47-da\"> </a>da</td><td>Danish</td><td/></tr><tr><td style=\"white-space:nowrap\"><a name=\"urn-ietf-bcp-47-dar\"> </a>dar</td><td>Dargwa</td><td/></tr><tr><td style=\"white-space:nowrap\"><a name=\"urn-ietf-bcp-47-del\"> </a>del</td><td>Delaware</td><td/></tr><tr><td style=\"white-space:nowrap\"><a name=\"urn-ietf-bcp-47-den\"> </a>den</td><td>Slave (Athapascan)</td><td/></tr><tr><td style=\"white-space:nowrap\"><a name=\"urn-ietf-bcp-47-de\"> </a>de</td><td>German</td><td/></tr><tr><td style=\"white-space:nowrap\"><a name=\"urn-ietf-bcp-47-dgr\"> </a>dgr</td><td>Dogrib</td><td/></tr><tr><td style=\"white-space:nowrap\"><a name=\"urn-ietf-bcp-47-din\"> </a>din</td><td>Dinka</td><td/></tr><tr><td style=\"white-space:nowrap\"><a name=\"urn-ietf-bcp-47-dv\"> </a>dv</td><td>Dhivehi</td><td/></tr><tr><td style=\"white-space:nowrap\"><a name=\"urn-ietf-bcp-47-doi\"> </a>doi</td><td>Dogri</td><td/></tr><tr><td style=\"white-space:nowrap\"><a name=\"urn-ietf-bcp-47-dsb\"> </a>dsb</td><td>Lower Sorbian</td><td/></tr><tr><td style=\"white-space:nowrap\"><a name=\"urn-ietf-bcp-47-dua\"> </a>dua</td><td>Duala</td><td/></tr><tr><td style=\"white-space:nowrap\"><a name=\"urn-ietf-bcp-47-dyu\"> </a>dyu</td><td>Dyula</td><td/></tr><tr><td style=\"white-space:nowrap\"><a name=\"urn-ietf-bcp-47-dz\"> </a>dz</td><td>Dzongkha</td><td/></tr><tr><td style=\"white-space:nowrap\"><a name=\"urn-ietf-bcp-47-efi\"> </a>efi</td><td>Efik</td><td/></tr><tr><td style=\"white-space:nowrap\"><a name=\"urn-ietf-bcp-47-eka\"> </a>eka</td><td>Ekajuk</td><td/></tr><tr><td style=\"white-space:nowrap\"><a name=\"urn-ietf-bcp-47-el\"> </a>el</td><td>Greek</td><td/></tr><tr><td style=\"white-space:nowrap\"><a name=\"urn-ietf-bcp-47-en\"> </a>en</td><td>English</td><td/></tr><tr><td style=\"white-space:nowrap\"><a name=\"urn-ietf-bcp-47-et\"> </a>et</td><td>Estonian</td><td/></tr><tr><td style=\"white-space:nowrap\"><a name=\"urn-ietf-bcp-47-eu\"> </a>eu</td><td>Basque</td><td/></tr><tr><td style=\"white-space:nowrap\"><a name=\"urn-ietf-bcp-47-ee\"> </a>ee</td><td>Ewe</td><td/></tr><tr><td style=\"white-space:nowrap\"><a name=\"urn-ietf-bcp-47-ewo\"> </a>ewo</td><td>Ewondo</td><td/></tr><tr><td style=\"white-space:nowrap\"><a name=\"urn-ietf-bcp-47-fan\"> </a>fan</td><td>Fang (Equatorial Guinea)</td><td/></tr><tr><td style=\"white-space:nowrap\"><a name=\"urn-ietf-bcp-47-fo\"> </a>fo</td><td>Faroese</td><td/></tr><tr><td style=\"white-space:nowrap\"><a name=\"urn-ietf-bcp-47-fa\"> </a>fa</td><td>Persian</td><td/></tr><tr><td style=\"white-space:nowrap\"><a name=\"urn-ietf-bcp-47-fat\"> </a>fat</td><td>Fanti</td><td/></tr><tr><td style=\"white-space:nowrap\"><a name=\"urn-ietf-bcp-47-fj\"> </a>fj</td><td>Fijian</td><td/></tr><tr><td style=\"white-space:nowrap\"><a name=\"urn-ietf-bcp-47-fil\"> </a>fil</td><td>Filipino</td><td/></tr><tr><td style=\"white-space:nowrap\"><a name=\"urn-ietf-bcp-47-fi\"> </a>fi</td><td>Finnish</td><td/></tr><tr><td style=\"white-space:nowrap\"><a name=\"urn-ietf-bcp-47-fon\"> </a>fon</td><td>Fon</td><td/></tr><tr><td style=\"white-space:nowrap\"><a name=\"urn-ietf-bcp-47-fr\"> </a>fr</td><td>French</td><td/></tr><tr><td style=\"white-space:nowrap\"><a name=\"urn-ietf-bcp-47-frr\"> </a>frr</td><td>Northern Frisian</td><td/></tr><tr><td style=\"white-space:nowrap\"><a name=\"urn-ietf-bcp-47-frs\"> </a>frs</td><td>Eastern Frisian</td><td/></tr><tr><td style=\"white-space:nowrap\"><a name=\"urn-ietf-bcp-47-fy\"> </a>fy</td><td>Western Frisian</td><td/></tr><tr><td style=\"white-space:nowrap\"><a name=\"urn-ietf-bcp-47-ff\"> </a>ff</td><td>Fulah</td><td/></tr><tr><td style=\"white-space:nowrap\"><a name=\"urn-ietf-bcp-47-fur\"> </a>fur</td><td>Friulian</td><td/></tr><tr><td style=\"white-space:nowrap\"><a name=\"urn-ietf-bcp-47-gaa\"> </a>gaa</td><td>Ga</td><td/></tr><tr><td style=\"white-space:nowrap\"><a name=\"urn-ietf-bcp-47-gay\"> </a>gay</td><td>Gayo</td><td/></tr><tr><td style=\"white-space:nowrap\"><a name=\"urn-ietf-bcp-47-gba\"> </a>gba</td><td>Gbaya (Central African Republic)</td><td/></tr><tr><td style=\"white-space:nowrap\"><a name=\"urn-ietf-bcp-47-gil\"> </a>gil</td><td>Gilbertese</td><td/></tr><tr><td style=\"white-space:nowrap\"><a name=\"urn-ietf-bcp-47-gd\"> </a>gd</td><td>Scottish Gaelic</td><td/></tr><tr><td style=\"white-space:nowrap\"><a name=\"urn-ietf-bcp-47-ga\"> </a>ga</td><td>Irish</td><td/></tr><tr><td style=\"white-space:nowrap\"><a name=\"urn-ietf-bcp-47-gl\"> </a>gl</td><td>Galician</td><td/></tr><tr><td style=\"white-space:nowrap\"><a name=\"urn-ietf-bcp-47-gv\"> </a>gv</td><td>Manx</td><td/></tr><tr><td style=\"white-space:nowrap\"><a name=\"urn-ietf-bcp-47-gon\"> </a>gon</td><td>Gondi</td><td/></tr><tr><td style=\"white-space:nowrap\"><a name=\"urn-ietf-bcp-47-gor\"> </a>gor</td><td>Gorontalo</td><td/></tr><tr><td style=\"white-space:nowrap\"><a name=\"urn-ietf-bcp-47-grb\"> </a>grb</td><td>Grebo</td><td/></tr><tr><td style=\"white-space:nowrap\"><a name=\"urn-ietf-bcp-47-gn\"> </a>gn</td><td>Guarani</td><td/></tr><tr><td style=\"white-space:nowrap\"><a name=\"urn-ietf-bcp-47-gsw\"> </a>gsw</td><td>Swiss German</td><td/></tr><tr><td style=\"white-space:nowrap\"><a name=\"urn-ietf-bcp-47-gu\"> </a>gu</td><td>Gujarati</td><td/></tr><tr><td style=\"white-space:nowrap\"><a name=\"urn-ietf-bcp-47-gwi\"> </a>gwi</td><td>Gwich'in</td><td/></tr><tr><td style=\"white-space:nowrap\"><a name=\"urn-ietf-bcp-47-hai\"> </a>hai</td><td>Haida</td><td/></tr><tr><td style=\"white-space:nowrap\"><a name=\"urn-ietf-bcp-47-ht\"> </a>ht</td><td>Haitian</td><td/></tr><tr><td style=\"white-space:nowrap\"><a name=\"urn-ietf-bcp-47-ha\"> </a>ha</td><td>Hausa</td><td/></tr><tr><td style=\"white-space:nowrap\"><a name=\"urn-ietf-bcp-47-haw\"> </a>haw</td><td>Hawaiian</td><td/></tr><tr><td style=\"white-space:nowrap\"><a name=\"urn-ietf-bcp-47-he\"> </a>he</td><td>Hebrew</td><td/></tr><tr><td style=\"white-space:nowrap\"><a name=\"urn-ietf-bcp-47-hz\"> </a>hz</td><td>Herero</td><td/></tr><tr><td style=\"white-space:nowrap\"><a name=\"urn-ietf-bcp-47-hil\"> </a>hil</td><td>Hiligaynon</td><td/></tr><tr><td style=\"white-space:nowrap\"><a name=\"urn-ietf-bcp-47-hi\"> </a>hi</td><td>Hindi</td><td/></tr><tr><td style=\"white-space:nowrap\"><a name=\"urn-ietf-bcp-47-hmn\"> </a>hmn</td><td>Hmong</td><td/></tr><tr><td style=\"white-space:nowrap\"><a name=\"urn-ietf-bcp-47-ho\"> </a>ho</td><td>Hiri Motu</td><td/></tr><tr><td style=\"white-space:nowrap\"><a name=\"urn-ietf-bcp-47-hr\"> </a>hr</td><td>Croatian</td><td/></tr><tr><td style=\"white-space:nowrap\"><a name=\"urn-ietf-bcp-47-hsb\"> </a>hsb</td><td>Upper Sorbian</td><td/></tr><tr><td style=\"white-space:nowrap\"><a name=\"urn-ietf-bcp-47-hu\"> </a>hu</td><td>Hungarian</td><td/></tr><tr><td style=\"white-space:nowrap\"><a name=\"urn-ietf-bcp-47-hup\"> </a>hup</td><td>Hupa</td><td/></tr><tr><td style=\"white-space:nowrap\"><a name=\"urn-ietf-bcp-47-hy\"> </a>hy</td><td>Armenian</td><td/></tr><tr><td style=\"white-space:nowrap\"><a name=\"urn-ietf-bcp-47-iba\"> </a>iba</td><td>Iban</td><td/></tr><tr><td style=\"white-space:nowrap\"><a name=\"urn-ietf-bcp-47-ig\"> </a>ig</td><td>Igbo</td><td/></tr><tr><td style=\"white-space:nowrap\"><a name=\"urn-ietf-bcp-47-ii\"> </a>ii</td><td>Sichuan Yi</td><td/></tr><tr><td style=\"white-space:nowrap\"><a name=\"urn-ietf-bcp-47-iu\"> </a>iu</td><td>Inuktitut</td><td/></tr><tr><td style=\"white-space:nowrap\"><a name=\"urn-ietf-bcp-47-ilo\"> </a>ilo</td><td>Iloko</td><td/></tr><tr><td style=\"white-space:nowrap\"><a name=\"urn-ietf-bcp-47-id\"> </a>id</td><td>Indonesian</td><td/></tr><tr><td style=\"white-space:nowrap\"><a name=\"urn-ietf-bcp-47-inh\"> </a>inh</td><td>Ingush</td><td/></tr><tr><td style=\"white-space:nowrap\"><a name=\"urn-ietf-bcp-47-ik\"> </a>ik</td><td>Inupiaq</td><td/></tr><tr><td style=\"white-space:nowrap\"><a name=\"urn-ietf-bcp-47-is\"> </a>is</td><td>Icelandic</td><td/></tr><tr><td style=\"white-space:nowrap\"><a name=\"urn-ietf-bcp-47-it\"> </a>it</td><td>Italian</td><td/></tr><tr><td style=\"white-space:nowrap\"><a name=\"urn-ietf-bcp-47-jv\"> </a>jv</td><td>Javanese</td><td/></tr><tr><td style=\"white-space:nowrap\"><a name=\"urn-ietf-bcp-47-ja\"> </a>ja</td><td>Japanese</td><td/></tr><tr><td style=\"white-space:nowrap\"><a name=\"urn-ietf-bcp-47-jpr\"> </a>jpr</td><td>Judeo-Persian</td><td/></tr><tr><td style=\"white-space:nowrap\"><a name=\"urn-ietf-bcp-47-jrb\"> </a>jrb</td><td>Judeo-Arabic</td><td/></tr><tr><td style=\"white-space:nowrap\"><a name=\"urn-ietf-bcp-47-kaa\"> </a>kaa</td><td>Kara-Kalpak</td><td/></tr><tr><td style=\"white-space:nowrap\"><a name=\"urn-ietf-bcp-47-kab\"> </a>kab</td><td>Kabyle</td><td/></tr><tr><td style=\"white-space:nowrap\"><a name=\"urn-ietf-bcp-47-kac\"> </a>kac</td><td>Kachin</td><td/></tr><tr><td style=\"white-space:nowrap\"><a name=\"urn-ietf-bcp-47-kl\"> </a>kl</td><td>Kalaallisut</td><td/></tr><tr><td style=\"white-space:nowrap\"><a name=\"urn-ietf-bcp-47-kam\"> </a>kam</td><td>Kamba (Kenya)</td><td/></tr><tr><td style=\"white-space:nowrap\"><a name=\"urn-ietf-bcp-47-kn\"> </a>kn</td><td>Kannada</td><td/></tr><tr><td style=\"white-space:nowrap\"><a name=\"urn-ietf-bcp-47-ks\"> </a>ks</td><td>Kashmiri</td><td/></tr><tr><td style=\"white-space:nowrap\"><a name=\"urn-ietf-bcp-47-ka\"> </a>ka</td><td>Georgian</td><td/></tr><tr><td style=\"white-space:nowrap\"><a name=\"urn-ietf-bcp-47-kr\"> </a>kr</td><td>Kanuri</td><td/></tr><tr><td style=\"white-space:nowrap\"><a name=\"urn-ietf-bcp-47-kk\"> </a>kk</td><td>Kazakh</td><td/></tr><tr><td style=\"white-space:nowrap\"><a name=\"urn-ietf-bcp-47-kbd\"> </a>kbd</td><td>Kabardian</td><td/></tr><tr><td style=\"white-space:nowrap\"><a name=\"urn-ietf-bcp-47-kha\"> </a>kha</td><td>Khasi</td><td/></tr><tr><td style=\"white-space:nowrap\"><a name=\"urn-ietf-bcp-47-km\"> </a>km</td><td>Khmer</td><td/></tr><tr><td style=\"white-space:nowrap\"><a name=\"urn-ietf-bcp-47-ki\"> </a>ki</td><td>Kikuyu</td><td/></tr><tr><td style=\"white-space:nowrap\"><a name=\"urn-ietf-bcp-47-rw\"> </a>rw</td><td>Kinyarwanda</td><td/></tr><tr><td style=\"white-space:nowrap\"><a name=\"urn-ietf-bcp-47-ky\"> </a>ky</td><td>Kirghiz</td><td/></tr><tr><td style=\"white-space:nowrap\"><a name=\"urn-ietf-bcp-47-kmb\"> </a>kmb</td><td>Kimbundu</td><td/></tr><tr><td style=\"white-space:nowrap\"><a name=\"urn-ietf-bcp-47-kok\"> </a>kok</td><td>Konkani</td><td/></tr><tr><td style=\"white-space:nowrap\"><a name=\"urn-ietf-bcp-47-kv\"> </a>kv</td><td>Komi</td><td/></tr><tr><td style=\"white-space:nowrap\"><a name=\"urn-ietf-bcp-47-kg\"> </a>kg</td><td>Kongo</td><td/></tr><tr><td style=\"white-space:nowrap\"><a name=\"urn-ietf-bcp-47-ko\"> </a>ko</td><td>Korean</td><td/></tr><tr><td style=\"white-space:nowrap\"><a name=\"urn-ietf-bcp-47-kos\"> </a>kos</td><td>Kosraean</td><td/></tr><tr><td style=\"white-space:nowrap\"><a name=\"urn-ietf-bcp-47-kpe\"> </a>kpe</td><td>Kpelle</td><td/></tr><tr><td style=\"white-space:nowrap\"><a name=\"urn-ietf-bcp-47-krc\"> </a>krc</td><td>Karachay-Balkar</td><td/></tr><tr><td style=\"white-space:nowrap\"><a name=\"urn-ietf-bcp-47-krl\"> </a>krl</td><td>Karelian</td><td/></tr><tr><td style=\"white-space:nowrap\"><a name=\"urn-ietf-bcp-47-kru\"> </a>kru</td><td>Kurukh</td><td/></tr><tr><td style=\"white-space:nowrap\"><a name=\"urn-ietf-bcp-47-kj\"> </a>kj</td><td>Kuanyama</td><td/></tr><tr><td style=\"white-space:nowrap\"><a name=\"urn-ietf-bcp-47-kum\"> </a>kum</td><td>Kumyk</td><td/></tr><tr><td style=\"white-space:nowrap\"><a name=\"urn-ietf-bcp-47-ku\"> </a>ku</td><td>Kurdish</td><td/></tr><tr><td style=\"white-space:nowrap\"><a name=\"urn-ietf-bcp-47-kut\"> </a>kut</td><td>Kutenai</td><td/></tr><tr><td style=\"white-space:nowrap\"><a name=\"urn-ietf-bcp-47-lad\"> </a>lad</td><td>Ladino</td><td/></tr><tr><td style=\"white-space:nowrap\"><a name=\"urn-ietf-bcp-47-lah\"> </a>lah</td><td>Lahnda</td><td/></tr><tr><td style=\"white-space:nowrap\"><a name=\"urn-ietf-bcp-47-lam\"> </a>lam</td><td>Lamba</td><td/></tr><tr><td style=\"white-space:nowrap\"><a name=\"urn-ietf-bcp-47-lo\"> </a>lo</td><td>Lao</td><td/></tr><tr><td style=\"white-space:nowrap\"><a name=\"urn-ietf-bcp-47-lv\"> </a>lv</td><td>Latvian</td><td/></tr><tr><td style=\"white-space:nowrap\"><a name=\"urn-ietf-bcp-47-lez\"> </a>lez</td><td>Lezghian</td><td/></tr><tr><td style=\"white-space:nowrap\"><a name=\"urn-ietf-bcp-47-li\"> </a>li</td><td>Limburgan</td><td/></tr><tr><td style=\"white-space:nowrap\"><a name=\"urn-ietf-bcp-47-ln\"> </a>ln</td><td>Lingala</td><td/></tr><tr><td style=\"white-space:nowrap\"><a name=\"urn-ietf-bcp-47-lt\"> </a>lt</td><td>Lithuanian</td><td/></tr><tr><td style=\"white-space:nowrap\"><a name=\"urn-ietf-bcp-47-lol\"> </a>lol</td><td>Mongo</td><td/></tr><tr><td style=\"white-space:nowrap\"><a name=\"urn-ietf-bcp-47-loz\"> </a>loz</td><td>Lozi</td><td/></tr><tr><td style=\"white-space:nowrap\"><a name=\"urn-ietf-bcp-47-lb\"> </a>lb</td><td>Luxembourgish</td><td/></tr><tr><td style=\"white-space:nowrap\"><a name=\"urn-ietf-bcp-47-lua\"> </a>lua</td><td>Luba-Lulua</td><td/></tr><tr><td style=\"white-space:nowrap\"><a name=\"urn-ietf-bcp-47-lu\"> </a>lu</td><td>Luba-Katanga</td><td/></tr><tr><td style=\"white-space:nowrap\"><a name=\"urn-ietf-bcp-47-lg\"> </a>lg</td><td>Ganda</td><td/></tr><tr><td style=\"white-space:nowrap\"><a name=\"urn-ietf-bcp-47-lun\"> </a>lun</td><td>Lunda</td><td/></tr><tr><td style=\"white-space:nowrap\"><a name=\"urn-ietf-bcp-47-luo\"> </a>luo</td><td>Luo (Kenya and Tanzania)</td><td/></tr><tr><td style=\"white-space:nowrap\"><a name=\"urn-ietf-bcp-47-lus\"> </a>lus</td><td>Lushai</td><td/></tr><tr><td style=\"white-space:nowrap\"><a name=\"urn-ietf-bcp-47-mad\"> </a>mad</td><td>Madurese</td><td/></tr><tr><td style=\"white-space:nowrap\"><a name=\"urn-ietf-bcp-47-mag\"> </a>mag</td><td>Magahi</td><td/></tr><tr><td style=\"white-space:nowrap\"><a name=\"urn-ietf-bcp-47-mh\"> </a>mh</td><td>Marshallese</td><td/></tr><tr><td style=\"white-space:nowrap\"><a name=\"urn-ietf-bcp-47-mai\"> </a>mai</td><td>Maithili</td><td/></tr><tr><td style=\"white-space:nowrap\"><a name=\"urn-ietf-bcp-47-mak\"> </a>mak</td><td>Makasar</td><td/></tr><tr><td style=\"white-space:nowrap\"><a name=\"urn-ietf-bcp-47-ml\"> </a>ml</td><td>Malayalam</td><td/></tr><tr><td style=\"white-space:nowrap\"><a name=\"urn-ietf-bcp-47-man\"> </a>man</td><td>Mandingo</td><td/></tr><tr><td style=\"white-space:nowrap\"><a name=\"urn-ietf-bcp-47-mr\"> </a>mr</td><td>Marathi</td><td/></tr><tr><td style=\"white-space:nowrap\"><a name=\"urn-ietf-bcp-47-mas\"> </a>mas</td><td>Masai</td><td/></tr><tr><td style=\"white-space:nowrap\"><a name=\"urn-ietf-bcp-47-mdf\"> </a>mdf</td><td>Moksha</td><td/></tr><tr><td style=\"white-space:nowrap\"><a name=\"urn-ietf-bcp-47-mdr\"> </a>mdr</td><td>Mandar</td><td/></tr><tr><td style=\"white-space:nowrap\"><a name=\"urn-ietf-bcp-47-men\"> </a>men</td><td>Mende (Sierra Leone)</td><td/></tr><tr><td style=\"white-space:nowrap\"><a name=\"urn-ietf-bcp-47-mic\"> </a>mic</td><td>Mi'kmaq</td><td/></tr><tr><td style=\"white-space:nowrap\"><a name=\"urn-ietf-bcp-47-min\"> </a>min</td><td>Minangkabau</td><td/></tr><tr><td style=\"white-space:nowrap\"><a name=\"urn-ietf-bcp-47-mk\"> </a>mk</td><td>Macedonian</td><td/></tr><tr><td style=\"white-space:nowrap\"><a name=\"urn-ietf-bcp-47-mg\"> </a>mg</td><td>Malagasy</td><td/></tr><tr><td style=\"white-space:nowrap\"><a name=\"urn-ietf-bcp-47-mt\"> </a>mt</td><td>Maltese</td><td/></tr><tr><td style=\"white-space:nowrap\"><a name=\"urn-ietf-bcp-47-mnc\"> </a>mnc</td><td>Manchu</td><td/></tr><tr><td style=\"white-space:nowrap\"><a name=\"urn-ietf-bcp-47-mni\"> </a>mni</td><td>Manipuri</td><td/></tr><tr><td style=\"white-space:nowrap\"><a name=\"urn-ietf-bcp-47-moh\"> </a>moh</td><td>Mohawk</td><td/></tr><tr><td style=\"white-space:nowrap\"><a name=\"urn-ietf-bcp-47-mn\"> </a>mn</td><td>Mongolian</td><td/></tr><tr><td style=\"white-space:nowrap\"><a name=\"urn-ietf-bcp-47-mos\"> </a>mos</td><td>Mossi</td><td/></tr><tr><td style=\"white-space:nowrap\"><a name=\"urn-ietf-bcp-47-mi\"> </a>mi</td><td>Maori</td><td/></tr><tr><td style=\"white-space:nowrap\"><a name=\"urn-ietf-bcp-47-ms\"> </a>ms</td><td>Malay</td><td/></tr><tr><td style=\"white-space:nowrap\"><a name=\"urn-ietf-bcp-47-mus\"> </a>mus</td><td>Creek</td><td/></tr><tr><td style=\"white-space:nowrap\"><a name=\"urn-ietf-bcp-47-mwl\"> </a>mwl</td><td>Mirandese</td><td/></tr><tr><td style=\"white-space:nowrap\"><a name=\"urn-ietf-bcp-47-mwr\"> </a>mwr</td><td>Marwari</td><td/></tr><tr><td style=\"white-space:nowrap\"><a name=\"urn-ietf-bcp-47-my\"> </a>my</td><td>Burmese</td><td/></tr><tr><td style=\"white-space:nowrap\"><a name=\"urn-ietf-bcp-47-myv\"> </a>myv</td><td>Erzya</td><td/></tr><tr><td style=\"white-space:nowrap\"><a name=\"urn-ietf-bcp-47-nap\"> </a>nap</td><td>Neapolitan</td><td/></tr><tr><td style=\"white-space:nowrap\"><a name=\"urn-ietf-bcp-47-na\"> </a>na</td><td>Nauru</td><td/></tr><tr><td style=\"white-space:nowrap\"><a name=\"urn-ietf-bcp-47-nv\"> </a>nv</td><td>Navajo</td><td/></tr><tr><td style=\"white-space:nowrap\"><a name=\"urn-ietf-bcp-47-nr\"> </a>nr</td><td>South Ndebele</td><td/></tr><tr><td style=\"white-space:nowrap\"><a name=\"urn-ietf-bcp-47-nd\"> </a>nd</td><td>North Ndebele</td><td/></tr><tr><td style=\"white-space:nowrap\"><a name=\"urn-ietf-bcp-47-ng\"> </a>ng</td><td>Ndonga</td><td/></tr><tr><td style=\"white-space:nowrap\"><a name=\"urn-ietf-bcp-47-nds\"> </a>nds</td><td>Low German</td><td/></tr><tr><td style=\"white-space:nowrap\"><a name=\"urn-ietf-bcp-47-ne\"> </a>ne</td><td>Nepali</td><td/></tr><tr><td style=\"white-space:nowrap\"><a name=\"urn-ietf-bcp-47-new\"> </a>new</td><td>Newari</td><td/></tr><tr><td style=\"white-space:nowrap\"><a name=\"urn-ietf-bcp-47-nia\"> </a>nia</td><td>Nias</td><td/></tr><tr><td style=\"white-space:nowrap\"><a name=\"urn-ietf-bcp-47-niu\"> </a>niu</td><td>Niuean</td><td/></tr><tr><td style=\"white-space:nowrap\"><a name=\"urn-ietf-bcp-47-nl\"> </a>nl</td><td>Dutch</td><td/></tr><tr><td style=\"white-space:nowrap\"><a name=\"urn-ietf-bcp-47-nn\"> </a>nn</td><td>Norwegian Nynorsk</td><td/></tr><tr><td style=\"white-space:nowrap\"><a name=\"urn-ietf-bcp-47-nb\"> </a>nb</td><td>Norwegian Bokmål</td><td/></tr><tr><td style=\"white-space:nowrap\"><a name=\"urn-ietf-bcp-47-nog\"> </a>nog</td><td>Nogai</td><td/></tr><tr><td style=\"white-space:nowrap\"><a name=\"urn-ietf-bcp-47-no\"> </a>no</td><td>Norwegian</td><td/></tr><tr><td style=\"white-space:nowrap\"><a name=\"urn-ietf-bcp-47-nqo\"> </a>nqo</td><td>N'Ko</td><td/></tr><tr><td style=\"white-space:nowrap\"><a name=\"urn-ietf-bcp-47-nso\"> </a>nso</td><td>Pedi</td><td/></tr><tr><td style=\"white-space:nowrap\"><a name=\"urn-ietf-bcp-47-ny\"> </a>ny</td><td>Nyanja</td><td/></tr><tr><td style=\"white-space:nowrap\"><a name=\"urn-ietf-bcp-47-nym\"> </a>nym</td><td>Nyamwezi</td><td/></tr><tr><td style=\"white-space:nowrap\"><a name=\"urn-ietf-bcp-47-nyn\"> </a>nyn</td><td>Nyankole</td><td/></tr><tr><td style=\"white-space:nowrap\"><a name=\"urn-ietf-bcp-47-nyo\"> </a>nyo</td><td>Nyoro</td><td/></tr><tr><td style=\"white-space:nowrap\"><a name=\"urn-ietf-bcp-47-nzi\"> </a>nzi</td><td>Nzima</td><td/></tr><tr><td style=\"white-space:nowrap\"><a name=\"urn-ietf-bcp-47-oc\"> </a>oc</td><td>Occitan</td><td/></tr><tr><td style=\"white-space:nowrap\"><a name=\"urn-ietf-bcp-47-oj\"> </a>oj</td><td>Ojibwa</td><td/></tr><tr><td style=\"white-space:nowrap\"><a name=\"urn-ietf-bcp-47-or\"> </a>or</td><td>Oriya</td><td/></tr><tr><td style=\"white-space:nowrap\"><a name=\"urn-ietf-bcp-47-om\"> </a>om</td><td>Oromo</td><td/></tr><tr><td style=\"white-space:nowrap\"><a name=\"urn-ietf-bcp-47-osa\"> </a>osa</td><td>Osage</td><td/></tr><tr><td style=\"white-space:nowrap\"><a name=\"urn-ietf-bcp-47-os\"> </a>os</td><td>Ossetian</td><td/></tr><tr><td style=\"white-space:nowrap\"><a name=\"urn-ietf-bcp-47-pag\"> </a>pag</td><td>Pangasinan</td><td/></tr><tr><td style=\"white-space:nowrap\"><a name=\"urn-ietf-bcp-47-pam\"> </a>pam</td><td>Pampanga</td><td/></tr><tr><td style=\"white-space:nowrap\"><a name=\"urn-ietf-bcp-47-pa\"> </a>pa</td><td>Panjabi</td><td/></tr><tr><td style=\"white-space:nowrap\"><a name=\"urn-ietf-bcp-47-pap\"> </a>pap</td><td>Papiamento</td><td/></tr><tr><td style=\"white-space:nowrap\"><a name=\"urn-ietf-bcp-47-pau\"> </a>pau</td><td>Palauan</td><td/></tr><tr><td style=\"white-space:nowrap\"><a name=\"urn-ietf-bcp-47-pl\"> </a>pl</td><td>Polish</td><td/></tr><tr><td style=\"white-space:nowrap\"><a name=\"urn-ietf-bcp-47-pon\"> </a>pon</td><td>Pohnpeian</td><td/></tr><tr><td style=\"white-space:nowrap\"><a name=\"urn-ietf-bcp-47-pt\"> </a>pt</td><td>Portuguese</td><td/></tr><tr><td style=\"white-space:nowrap\"><a name=\"urn-ietf-bcp-47-ps\"> </a>ps</td><td>Pushto</td><td/></tr><tr><td style=\"white-space:nowrap\"><a name=\"urn-ietf-bcp-47-qu\"> </a>qu</td><td>Quechua</td><td/></tr><tr><td style=\"white-space:nowrap\"><a name=\"urn-ietf-bcp-47-raj\"> </a>raj</td><td>Rajasthani</td><td/></tr><tr><td style=\"white-space:nowrap\"><a name=\"urn-ietf-bcp-47-rap\"> </a>rap</td><td>Rapanui</td><td/></tr><tr><td style=\"white-space:nowrap\"><a name=\"urn-ietf-bcp-47-rar\"> </a>rar</td><td>Rarotongan</td><td/></tr><tr><td style=\"white-space:nowrap\"><a name=\"urn-ietf-bcp-47-rm\"> </a>rm</td><td>Romansh</td><td/></tr><tr><td style=\"white-space:nowrap\"><a name=\"urn-ietf-bcp-47-rom\"> </a>rom</td><td>Romany</td><td/></tr><tr><td style=\"white-space:nowrap\"><a name=\"urn-ietf-bcp-47-ro\"> </a>ro</td><td>Romanian</td><td/></tr><tr><td style=\"white-space:nowrap\"><a name=\"urn-ietf-bcp-47-rn\"> </a>rn</td><td>Rundi</td><td/></tr><tr><td style=\"white-space:nowrap\"><a name=\"urn-ietf-bcp-47-rup\"> </a>rup</td><td>Macedo-Romanian</td><td/></tr><tr><td style=\"white-space:nowrap\"><a name=\"urn-ietf-bcp-47-ru\"> </a>ru</td><td>Russian</td><td/></tr><tr><td style=\"white-space:nowrap\"><a name=\"urn-ietf-bcp-47-sad\"> </a>sad</td><td>Sandawe</td><td/></tr><tr><td style=\"white-space:nowrap\"><a name=\"urn-ietf-bcp-47-sg\"> </a>sg</td><td>Sango</td><td/></tr><tr><td style=\"white-space:nowrap\"><a name=\"urn-ietf-bcp-47-sah\"> </a>sah</td><td>Yakut</td><td/></tr><tr><td style=\"white-space:nowrap\"><a name=\"urn-ietf-bcp-47-sas\"> </a>sas</td><td>Sasak</td><td/></tr><tr><td style=\"white-space:nowrap\"><a name=\"urn-ietf-bcp-47-sat\"> </a>sat</td><td>Santali</td><td/></tr><tr><td style=\"white-space:nowrap\"><a name=\"urn-ietf-bcp-47-scn\"> </a>scn</td><td>Sicilian</td><td/></tr><tr><td style=\"white-space:nowrap\"><a name=\"urn-ietf-bcp-47-sco\"> </a>sco</td><td>Scots</td><td/></tr><tr><td style=\"white-space:nowrap\"><a name=\"urn-ietf-bcp-47-sel\"> </a>sel</td><td>Selkup</td><td/></tr><tr><td style=\"white-space:nowrap\"><a name=\"urn-ietf-bcp-47-shn\"> </a>shn</td><td>Shan</td><td/></tr><tr><td style=\"white-space:nowrap\"><a name=\"urn-ietf-bcp-47-sid\"> </a>sid</td><td>Sidamo</td><td/></tr><tr><td style=\"white-space:nowrap\"><a name=\"urn-ietf-bcp-47-si\"> </a>si</td><td>Sinhala</td><td/></tr><tr><td style=\"white-space:nowrap\"><a name=\"urn-ietf-bcp-47-sk\"> </a>sk</td><td>Slovak</td><td/></tr><tr><td style=\"white-space:nowrap\"><a name=\"urn-ietf-bcp-47-sl\"> </a>sl</td><td>Slovenian</td><td/></tr><tr><td style=\"white-space:nowrap\"><a name=\"urn-ietf-bcp-47-sma\"> </a>sma</td><td>Southern Sami</td><td/></tr><tr><td style=\"white-space:nowrap\"><a name=\"urn-ietf-bcp-47-se\"> </a>se</td><td>Northern Sami</td><td/></tr><tr><td style=\"white-space:nowrap\"><a name=\"urn-ietf-bcp-47-smj\"> </a>smj</td><td>Lule Sami</td><td/></tr><tr><td style=\"white-space:nowrap\"><a name=\"urn-ietf-bcp-47-smn\"> </a>smn</td><td>Inari Sami</td><td/></tr><tr><td style=\"white-space:nowrap\"><a name=\"urn-ietf-bcp-47-sm\"> </a>sm</td><td>Samoan</td><td/></tr><tr><td style=\"white-space:nowrap\"><a name=\"urn-ietf-bcp-47-sms\"> </a>sms</td><td>Skolt Sami</td><td/></tr><tr><td style=\"white-space:nowrap\"><a name=\"urn-ietf-bcp-47-sn\"> </a>sn</td><td>Shona</td><td/></tr><tr><td style=\"white-space:nowrap\"><a name=\"urn-ietf-bcp-47-sd\"> </a>sd</td><td>Sindhi</td><td/></tr><tr><td style=\"white-space:nowrap\"><a name=\"urn-ietf-bcp-47-snk\"> </a>snk</td><td>Soninke</td><td/></tr><tr><td style=\"white-space:nowrap\"><a name=\"urn-ietf-bcp-47-so\"> </a>so</td><td>Somali</td><td/></tr><tr><td style=\"white-space:nowrap\"><a name=\"urn-ietf-bcp-47-st\"> </a>st</td><td>Southern Sotho</td><td/></tr><tr><td style=\"white-space:nowrap\"><a name=\"urn-ietf-bcp-47-es\"> </a>es</td><td>Spanish</td><td/></tr><tr><td style=\"white-space:nowrap\"><a name=\"urn-ietf-bcp-47-es-PR\"> </a>es-PR</td><td>Spanish (Puerto Rican)</td><td/></tr><tr><td style=\"white-space:nowrap\"><a name=\"urn-ietf-bcp-47-sq\"> </a>sq</td><td>Albanian</td><td/></tr><tr><td style=\"white-space:nowrap\"><a name=\"urn-ietf-bcp-47-sc\"> </a>sc</td><td>Sardinian</td><td/></tr><tr><td style=\"white-space:nowrap\"><a name=\"urn-ietf-bcp-47-srn\"> </a>srn</td><td>Sranan Tongo</td><td/></tr><tr><td style=\"white-space:nowrap\"><a name=\"urn-ietf-bcp-47-sr\"> </a>sr</td><td>Serbian</td><td/></tr><tr><td style=\"white-space:nowrap\"><a name=\"urn-ietf-bcp-47-srr\"> </a>srr</td><td>Serer</td><td/></tr><tr><td style=\"white-space:nowrap\"><a name=\"urn-ietf-bcp-47-ss\"> </a>ss</td><td>Swati</td><td/></tr><tr><td style=\"white-space:nowrap\"><a name=\"urn-ietf-bcp-47-suk\"> </a>suk</td><td>Sukuma</td><td/></tr><tr><td style=\"white-space:nowrap\"><a name=\"urn-ietf-bcp-47-su\"> </a>su</td><td>Sundanese</td><td/></tr><tr><td style=\"white-space:nowrap\"><a name=\"urn-ietf-bcp-47-sus\"> </a>sus</td><td>Susu</td><td/></tr><tr><td style=\"white-space:nowrap\"><a name=\"urn-ietf-bcp-47-sw\"> </a>sw</td><td>Swahili</td><td/></tr><tr><td style=\"white-space:nowrap\"><a name=\"urn-ietf-bcp-47-sv\"> </a>sv</td><td>Swedish</td><td/></tr><tr><td style=\"white-space:nowrap\"><a name=\"urn-ietf-bcp-47-syr\"> </a>syr</td><td>Syriac</td><td/></tr><tr><td style=\"white-space:nowrap\"><a name=\"urn-ietf-bcp-47-ty\"> </a>ty</td><td>Tahitian</td><td/></tr><tr><td style=\"white-space:nowrap\"><a name=\"urn-ietf-bcp-47-ta\"> </a>ta</td><td>Tamil</td><td/></tr><tr><td style=\"white-space:nowrap\"><a name=\"urn-ietf-bcp-47-tt\"> </a>tt</td><td>Tatar</td><td/></tr><tr><td style=\"white-space:nowrap\"><a name=\"urn-ietf-bcp-47-te\"> </a>te</td><td>Telugu</td><td/></tr><tr><td style=\"white-space:nowrap\"><a name=\"urn-ietf-bcp-47-tem\"> </a>tem</td><td>Timne</td><td/></tr><tr><td style=\"white-space:nowrap\"><a name=\"urn-ietf-bcp-47-ter\"> </a>ter</td><td>Tereno</td><td/></tr><tr><td style=\"white-space:nowrap\"><a name=\"urn-ietf-bcp-47-tet\"> </a>tet</td><td>Tetum</td><td/></tr><tr><td style=\"white-space:nowrap\"><a name=\"urn-ietf-bcp-47-tg\"> </a>tg</td><td>Tajik</td><td/></tr><tr><td style=\"white-space:nowrap\"><a name=\"urn-ietf-bcp-47-tl\"> </a>tl</td><td>Tagalog</td><td/></tr><tr><td style=\"white-space:nowrap\"><a name=\"urn-ietf-bcp-47-th\"> </a>th</td><td>Thai</td><td/></tr><tr><td style=\"white-space:nowrap\"><a name=\"urn-ietf-bcp-47-tig\"> </a>tig</td><td>Tigre</td><td/></tr><tr><td style=\"white-space:nowrap\"><a name=\"urn-ietf-bcp-47-ti\"> </a>ti</td><td>Tigrinya</td><td/></tr><tr><td style=\"white-space:nowrap\"><a name=\"urn-ietf-bcp-47-tiv\"> </a>tiv</td><td>Tiv</td><td/></tr><tr><td style=\"white-space:nowrap\"><a name=\"urn-ietf-bcp-47-tkl\"> </a>tkl</td><td>Tokelau</td><td/></tr><tr><td style=\"white-space:nowrap\"><a name=\"urn-ietf-bcp-47-tli\"> </a>tli</td><td>Tlingit</td><td/></tr><tr><td style=\"white-space:nowrap\"><a name=\"urn-ietf-bcp-47-tmh\"> </a>tmh</td><td>Tamashek</td><td/></tr><tr><td style=\"white-space:nowrap\"><a name=\"urn-ietf-bcp-47-tog\"> </a>tog</td><td>Tonga (Nyasa)</td><td/></tr><tr><td style=\"white-space:nowrap\"><a name=\"urn-ietf-bcp-47-to\"> </a>to</td><td>Tonga (Tonga Islands)</td><td/></tr><tr><td style=\"white-space:nowrap\"><a name=\"urn-ietf-bcp-47-tpi\"> </a>tpi</td><td>Tok Pisin</td><td/></tr><tr><td style=\"white-space:nowrap\"><a name=\"urn-ietf-bcp-47-tsi\"> </a>tsi</td><td>Tsimshian</td><td/></tr><tr><td style=\"white-space:nowrap\"><a name=\"urn-ietf-bcp-47-tn\"> </a>tn</td><td>Tswana</td><td/></tr><tr><td style=\"white-space:nowrap\"><a name=\"urn-ietf-bcp-47-ts\"> </a>ts</td><td>Tsonga</td><td/></tr><tr><td style=\"white-space:nowrap\"><a name=\"urn-ietf-bcp-47-tk\"> </a>tk</td><td>Turkmen</td><td/></tr><tr><td style=\"white-space:nowrap\"><a name=\"urn-ietf-bcp-47-tum\"> </a>tum</td><td>Tumbuka</td><td/></tr><tr><td style=\"white-space:nowrap\"><a name=\"urn-ietf-bcp-47-tr\"> </a>tr</td><td>Turkish</td><td/></tr><tr><td style=\"white-space:nowrap\"><a name=\"urn-ietf-bcp-47-tvl\"> </a>tvl</td><td>Tuvalu</td><td/></tr><tr><td style=\"white-space:nowrap\"><a name=\"urn-ietf-bcp-47-tw\"> </a>tw</td><td>Twi</td><td/></tr><tr><td style=\"white-space:nowrap\"><a name=\"urn-ietf-bcp-47-tyv\"> </a>tyv</td><td>Tuvinian</td><td/></tr><tr><td style=\"white-space:nowrap\"><a name=\"urn-ietf-bcp-47-udm\"> </a>udm</td><td>Udmurt</td><td/></tr><tr><td style=\"white-space:nowrap\"><a name=\"urn-ietf-bcp-47-ug\"> </a>ug</td><td>Uighur</td><td/></tr><tr><td style=\"white-space:nowrap\"><a name=\"urn-ietf-bcp-47-uk\"> </a>uk</td><td>Ukrainian</td><td/></tr><tr><td style=\"white-space:nowrap\"><a name=\"urn-ietf-bcp-47-umb\"> </a>umb</td><td>Umbundu</td><td/></tr><tr><td style=\"white-space:nowrap\"><a name=\"urn-ietf-bcp-47-ur\"> </a>ur</td><td>Urdu</td><td/></tr><tr><td style=\"white-space:nowrap\"><a name=\"urn-ietf-bcp-47-uz\"> </a>uz</td><td>Uzbek</td><td/></tr><tr><td style=\"white-space:nowrap\"><a name=\"urn-ietf-bcp-47-vai\"> </a>vai</td><td>Vai</td><td/></tr><tr><td style=\"white-space:nowrap\"><a name=\"urn-ietf-bcp-47-ve\"> </a>ve</td><td>Venda</td><td/></tr><tr><td style=\"white-space:nowrap\"><a name=\"urn-ietf-bcp-47-vi\"> </a>vi</td><td>Vietnamese</td><td/></tr><tr><td style=\"white-space:nowrap\"><a name=\"urn-ietf-bcp-47-vot\"> </a>vot</td><td>Votic</td><td/></tr><tr><td style=\"white-space:nowrap\"><a name=\"urn-ietf-bcp-47-wal\"> </a>wal</td><td>Wolaytta</td><td/></tr><tr><td style=\"white-space:nowrap\"><a name=\"urn-ietf-bcp-47-war\"> </a>war</td><td>Waray (Philippines)</td><td/></tr><tr><td style=\"white-space:nowrap\"><a name=\"urn-ietf-bcp-47-was\"> </a>was</td><td>Washo</td><td/></tr><tr><td style=\"white-space:nowrap\"><a name=\"urn-ietf-bcp-47-wa\"> </a>wa</td><td>Walloon</td><td/></tr><tr><td style=\"white-space:nowrap\"><a name=\"urn-ietf-bcp-47-wo\"> </a>wo</td><td>Wolof</td><td/></tr><tr><td style=\"white-space:nowrap\"><a name=\"urn-ietf-bcp-47-xal\"> </a>xal</td><td>Kalmyk</td><td/></tr><tr><td style=\"white-space:nowrap\"><a name=\"urn-ietf-bcp-47-xh\"> </a>xh</td><td>Xhosa</td><td/></tr><tr><td style=\"white-space:nowrap\"><a name=\"urn-ietf-bcp-47-yao\"> </a>yao</td><td>Yao</td><td/></tr><tr><td style=\"white-space:nowrap\"><a name=\"urn-ietf-bcp-47-yap\"> </a>yap</td><td>Yapese</td><td/></tr><tr><td style=\"white-space:nowrap\"><a name=\"urn-ietf-bcp-47-yi\"> </a>yi</td><td>Yiddish</td><td/></tr><tr><td style=\"white-space:nowrap\"><a name=\"urn-ietf-bcp-47-yo\"> </a>yo</td><td>Yoruba</td><td/></tr><tr><td style=\"white-space:nowrap\"><a name=\"urn-ietf-bcp-47-zap\"> </a>zap</td><td>Zapotec</td><td/></tr><tr><td style=\"white-space:nowrap\"><a name=\"urn-ietf-bcp-47-zen\"> </a>zen</td><td>Zenaga</td><td/></tr><tr><td style=\"white-space:nowrap\"><a name=\"urn-ietf-bcp-47-zgh\"> </a>zgh</td><td>Standard Moroccan Tamazight</td><td/></tr><tr><td style=\"white-space:nowrap\"><a name=\"urn-ietf-bcp-47-za\"> </a>za</td><td>Zhuang</td><td/></tr><tr><td style=\"white-space:nowrap\"><a name=\"urn-ietf-bcp-47-zh\"> </a>zh</td><td>Chinese</td><td/></tr><tr><td style=\"white-space:nowrap\"><a name=\"urn-ietf-bcp-47-zu\"> </a>zu</td><td>Zulu</td><td/></tr><tr><td style=\"white-space:nowrap\"><a name=\"urn-ietf-bcp-47-zun\"> </a>zun</td><td>Zuni</td><td/></tr><tr><td style=\"white-space:nowrap\"><a name=\"urn-ietf-bcp-47-zza\"> </a>zza</td><td>Zaza</td><td/></tr></table></div>"
      },
      "status" : "active",
      "expansion" : {
        "identifier" : "urn:uuid:bdcd2219-dda8-4920-848f-6e0fc0e2b2dc",
        "timestamp" : "2021-05-11T20:45:39.996Z",
        "parameter" : [{
          "name" : "limitedExpansion",
          "valueBoolean" : true
        }],
        "contains" : [{
          "system" : "urn:ietf:bcp:47",
          "code" : "aa",
          "display" : "Afar"
        },
        {
          "system" : "urn:ietf:bcp:47",
          "code" : "ab",
          "display" : "Abkhazian"
        },
        {
          "system" : "urn:ietf:bcp:47",
          "code" : "ace",
          "display" : "Achinese"
        },
        {
          "system" : "urn:ietf:bcp:47",
          "code" : "ach",
          "display" : "Acoli"
        },
        {
          "system" : "urn:ietf:bcp:47",
          "code" : "ada",
          "display" : "Adangme"
        },
        {
          "system" : "urn:ietf:bcp:47",
          "code" : "ady",
          "display" : "Adyghe"
        },
        {
          "system" : "urn:ietf:bcp:47",
          "code" : "af",
          "display" : "Afrikaans"
        },
        {
          "system" : "urn:ietf:bcp:47",
          "code" : "ain",
          "display" : "Ainu (Japan)"
        },
        {
          "system" : "urn:ietf:bcp:47",
          "code" : "ak",
          "display" : "Akan"
        },
        {
          "system" : "urn:ietf:bcp:47",
          "code" : "ale",
          "display" : "Aleut"
        },
        {
          "system" : "urn:ietf:bcp:47",
          "code" : "alt",
          "display" : "Southern Altai"
        },
        {
          "system" : "urn:ietf:bcp:47",
          "code" : "am",
          "display" : "Amharic"
        },
        {
          "system" : "urn:ietf:bcp:47",
          "code" : "anp",
          "display" : "Angika"
        },
        {
          "system" : "urn:ietf:bcp:47",
          "code" : "ar",
          "display" : "Arabic"
        },
        {
          "system" : "urn:ietf:bcp:47",
          "code" : "an",
          "display" : "Aragonese"
        },
        {
          "system" : "urn:ietf:bcp:47",
          "code" : "arn",
          "display" : "Mapudungun"
        },
        {
          "system" : "urn:ietf:bcp:47",
          "code" : "arp",
          "display" : "Arapaho"
        },
        {
          "system" : "urn:ietf:bcp:47",
          "code" : "arw",
          "display" : "Arawak"
        },
        {
          "system" : "urn:ietf:bcp:47",
          "code" : "ase",
          "display" : "American Sign Language"
        },
        {
          "system" : "urn:ietf:bcp:47",
          "code" : "as",
          "display" : "Assamese"
        },
        {
          "system" : "urn:ietf:bcp:47",
          "code" : "ast",
          "display" : "Asturian"
        },
        {
          "system" : "urn:ietf:bcp:47",
          "code" : "av",
          "display" : "Avaric"
        },
        {
          "system" : "urn:ietf:bcp:47",
          "code" : "awa",
          "display" : "Awadhi"
        },
        {
          "system" : "urn:ietf:bcp:47",
          "code" : "ay",
          "display" : "Aymara"
        },
        {
          "system" : "urn:ietf:bcp:47",
          "code" : "az",
          "display" : "Azerbaijani"
        },
        {
          "system" : "urn:ietf:bcp:47",
          "code" : "ba",
          "display" : "Bashkir"
        },
        {
          "system" : "urn:ietf:bcp:47",
          "code" : "bal",
          "display" : "Baluchi"
        },
        {
          "system" : "urn:ietf:bcp:47",
          "code" : "bm",
          "display" : "Bambara"
        },
        {
          "system" : "urn:ietf:bcp:47",
          "code" : "ban",
          "display" : "Balinese"
        },
        {
          "system" : "urn:ietf:bcp:47",
          "code" : "bas",
          "display" : "Basa (Cameroon)"
        },
        {
          "system" : "urn:ietf:bcp:47",
          "code" : "bej",
          "display" : "Beja"
        },
        {
          "system" : "urn:ietf:bcp:47",
          "code" : "be",
          "display" : "Belarusian"
        },
        {
          "system" : "urn:ietf:bcp:47",
          "code" : "bem",
          "display" : "Bemba (Zambia)"
        },
        {
          "system" : "urn:ietf:bcp:47",
          "code" : "bn",
          "display" : "Bengali"
        },
        {
          "system" : "urn:ietf:bcp:47",
          "code" : "bho",
          "display" : "Bhojpuri"
        },
        {
          "system" : "urn:ietf:bcp:47",
          "code" : "bik",
          "display" : "Bikol"
        },
        {
          "system" : "urn:ietf:bcp:47",
          "code" : "bin",
          "display" : "Bini"
        },
        {
          "system" : "urn:ietf:bcp:47",
          "code" : "bi",
          "display" : "Bislama"
        },
        {
          "system" : "urn:ietf:bcp:47",
          "code" : "bla",
          "display" : "Siksika"
        },
        {
          "system" : "urn:ietf:bcp:47",
          "code" : "bo",
          "display" : "Tibetan"
        },
        {
          "system" : "urn:ietf:bcp:47",
          "code" : "bs",
          "display" : "Bosnian"
        },
        {
          "system" : "urn:ietf:bcp:47",
          "code" : "bra",
          "display" : "Braj"
        },
        {
          "system" : "urn:ietf:bcp:47",
          "code" : "br",
          "display" : "Breton"
        },
        {
          "system" : "urn:ietf:bcp:47",
          "code" : "bua",
          "display" : "Buriat"
        },
        {
          "system" : "urn:ietf:bcp:47",
          "code" : "bug",
          "display" : "Buginese"
        },
        {
          "system" : "urn:ietf:bcp:47",
          "code" : "bg",
          "display" : "Bulgarian"
        },
        {
          "system" : "urn:ietf:bcp:47",
          "code" : "byn",
          "display" : "Bilin"
        },
        {
          "system" : "urn:ietf:bcp:47",
          "code" : "cad",
          "display" : "Caddo"
        },
        {
          "system" : "urn:ietf:bcp:47",
          "code" : "car",
          "display" : "Galibi Carib"
        },
        {
          "system" : "urn:ietf:bcp:47",
          "code" : "ca",
          "display" : "Catalan"
        },
        {
          "system" : "urn:ietf:bcp:47",
          "code" : "ceb",
          "display" : "Cebuano"
        },
        {
          "system" : "urn:ietf:bcp:47",
          "code" : "cs",
          "display" : "Czech"
        },
        {
          "system" : "urn:ietf:bcp:47",
          "code" : "ch",
          "display" : "Chamorro"
        },
        {
          "system" : "urn:ietf:bcp:47",
          "code" : "ce",
          "display" : "Chechen"
        },
        {
          "system" : "urn:ietf:bcp:47",
          "code" : "chk",
          "display" : "Chuukese"
        },
        {
          "system" : "urn:ietf:bcp:47",
          "code" : "chm",
          "display" : "Mari (Russia)"
        },
        {
          "system" : "urn:ietf:bcp:47",
          "code" : "chn",
          "display" : "Chinook jargon"
        },
        {
          "system" : "urn:ietf:bcp:47",
          "code" : "cho",
          "display" : "Choctaw"
        },
        {
          "system" : "urn:ietf:bcp:47",
          "code" : "chp",
          "display" : "Chipewyan"
        },
        {
          "system" : "urn:ietf:bcp:47",
          "code" : "chr",
          "display" : "Cherokee"
        },
        {
          "system" : "urn:ietf:bcp:47",
          "code" : "cv",
          "display" : "Chuvash"
        },
        {
          "system" : "urn:ietf:bcp:47",
          "code" : "chy",
          "display" : "Cheyenne"
        },
        {
          "system" : "urn:ietf:bcp:47",
          "code" : "kw",
          "display" : "Cornish"
        },
        {
          "system" : "urn:ietf:bcp:47",
          "code" : "co",
          "display" : "Corsican"
        },
        {
          "system" : "urn:ietf:bcp:47",
          "code" : "cr",
          "display" : "Cree"
        },
        {
          "system" : "urn:ietf:bcp:47",
          "code" : "crh",
          "display" : "Crimean Tatar"
        },
        {
          "system" : "urn:ietf:bcp:47",
          "code" : "csb",
          "display" : "Kashubian"
        },
        {
          "system" : "urn:ietf:bcp:47",
          "code" : "cy",
          "display" : "Welsh"
        },
        {
          "system" : "urn:ietf:bcp:47",
          "code" : "dak",
          "display" : "Dakota"
        },
        {
          "system" : "urn:ietf:bcp:47",
          "code" : "da",
          "display" : "Danish"
        },
        {
          "system" : "urn:ietf:bcp:47",
          "code" : "dar",
          "display" : "Dargwa"
        },
        {
          "system" : "urn:ietf:bcp:47",
          "code" : "del",
          "display" : "Delaware"
        },
        {
          "system" : "urn:ietf:bcp:47",
          "code" : "den",
          "display" : "Slave (Athapascan)"
        },
        {
          "system" : "urn:ietf:bcp:47",
          "code" : "de",
          "display" : "German"
        },
        {
          "system" : "urn:ietf:bcp:47",
          "code" : "dgr",
          "display" : "Dogrib"
        },
        {
          "system" : "urn:ietf:bcp:47",
          "code" : "din",
          "display" : "Dinka"
        },
        {
          "system" : "urn:ietf:bcp:47",
          "code" : "dv",
          "display" : "Dhivehi"
        },
        {
          "system" : "urn:ietf:bcp:47",
          "code" : "doi",
          "display" : "Dogri"
        },
        {
          "system" : "urn:ietf:bcp:47",
          "code" : "dsb",
          "display" : "Lower Sorbian"
        },
        {
          "system" : "urn:ietf:bcp:47",
          "code" : "dua",
          "display" : "Duala"
        },
        {
          "system" : "urn:ietf:bcp:47",
          "code" : "dyu",
          "display" : "Dyula"
        },
        {
          "system" : "urn:ietf:bcp:47",
          "code" : "dz",
          "display" : "Dzongkha"
        },
        {
          "system" : "urn:ietf:bcp:47",
          "code" : "efi",
          "display" : "Efik"
        },
        {
          "system" : "urn:ietf:bcp:47",
          "code" : "eka",
          "display" : "Ekajuk"
        },
        {
          "system" : "urn:ietf:bcp:47",
          "code" : "el",
          "display" : "Greek"
        },
        {
          "system" : "urn:ietf:bcp:47",
          "code" : "en",
          "display" : "English"
        },
        {
          "system" : "urn:ietf:bcp:47",
          "code" : "et",
          "display" : "Estonian"
        },
        {
          "system" : "urn:ietf:bcp:47",
          "code" : "eu",
          "display" : "Basque"
        },
        {
          "system" : "urn:ietf:bcp:47",
          "code" : "ee",
          "display" : "Ewe"
        },
        {
          "system" : "urn:ietf:bcp:47",
          "code" : "ewo",
          "display" : "Ewondo"
        },
        {
          "system" : "urn:ietf:bcp:47",
          "code" : "fan",
          "display" : "Fang (Equatorial Guinea)"
        },
        {
          "system" : "urn:ietf:bcp:47",
          "code" : "fo",
          "display" : "Faroese"
        },
        {
          "system" : "urn:ietf:bcp:47",
          "code" : "fa",
          "display" : "Persian"
        },
        {
          "system" : "urn:ietf:bcp:47",
          "code" : "fat",
          "display" : "Fanti"
        },
        {
          "system" : "urn:ietf:bcp:47",
          "code" : "fj",
          "display" : "Fijian"
        },
        {
          "system" : "urn:ietf:bcp:47",
          "code" : "fil",
          "display" : "Filipino"
        },
        {
          "system" : "urn:ietf:bcp:47",
          "code" : "fi",
          "display" : "Finnish"
        },
        {
          "system" : "urn:ietf:bcp:47",
          "code" : "fon",
          "display" : "Fon"
        },
        {
          "system" : "urn:ietf:bcp:47",
          "code" : "fr",
          "display" : "French"
        },
        {
          "system" : "urn:ietf:bcp:47",
          "code" : "frr",
          "display" : "Northern Frisian"
        },
        {
          "system" : "urn:ietf:bcp:47",
          "code" : "frs",
          "display" : "Eastern Frisian"
        },
        {
          "system" : "urn:ietf:bcp:47",
          "code" : "fy",
          "display" : "Western Frisian"
        },
        {
          "system" : "urn:ietf:bcp:47",
          "code" : "ff",
          "display" : "Fulah"
        },
        {
          "system" : "urn:ietf:bcp:47",
          "code" : "fur",
          "display" : "Friulian"
        },
        {
          "system" : "urn:ietf:bcp:47",
          "code" : "gaa",
          "display" : "Ga"
        },
        {
          "system" : "urn:ietf:bcp:47",
          "code" : "gay",
          "display" : "Gayo"
        },
        {
          "system" : "urn:ietf:bcp:47",
          "code" : "gba",
          "display" : "Gbaya (Central African Republic)"
        },
        {
          "system" : "urn:ietf:bcp:47",
          "code" : "gil",
          "display" : "Gilbertese"
        },
        {
          "system" : "urn:ietf:bcp:47",
          "code" : "gd",
          "display" : "Scottish Gaelic"
        },
        {
          "system" : "urn:ietf:bcp:47",
          "code" : "ga",
          "display" : "Irish"
        },
        {
          "system" : "urn:ietf:bcp:47",
          "code" : "gl",
          "display" : "Galician"
        },
        {
          "system" : "urn:ietf:bcp:47",
          "code" : "gv",
          "display" : "Manx"
        },
        {
          "system" : "urn:ietf:bcp:47",
          "code" : "gon",
          "display" : "Gondi"
        },
        {
          "system" : "urn:ietf:bcp:47",
          "code" : "gor",
          "display" : "Gorontalo"
        },
        {
          "system" : "urn:ietf:bcp:47",
          "code" : "grb",
          "display" : "Grebo"
        },
        {
          "system" : "urn:ietf:bcp:47",
          "code" : "gn",
          "display" : "Guarani"
        },
        {
          "system" : "urn:ietf:bcp:47",
          "code" : "gsw",
          "display" : "Swiss German"
        },
        {
          "system" : "urn:ietf:bcp:47",
          "code" : "gu",
          "display" : "Gujarati"
        },
        {
          "system" : "urn:ietf:bcp:47",
          "code" : "gwi",
          "display" : "Gwich'in"
        },
        {
          "system" : "urn:ietf:bcp:47",
          "code" : "hai",
          "display" : "Haida"
        },
        {
          "system" : "urn:ietf:bcp:47",
          "code" : "ht",
          "display" : "Haitian"
        },
        {
          "system" : "urn:ietf:bcp:47",
          "code" : "ha",
          "display" : "Hausa"
        },
        {
          "system" : "urn:ietf:bcp:47",
          "code" : "haw",
          "display" : "Hawaiian"
        },
        {
          "system" : "urn:ietf:bcp:47",
          "code" : "he",
          "display" : "Hebrew"
        },
        {
          "system" : "urn:ietf:bcp:47",
          "code" : "hz",
          "display" : "Herero"
        },
        {
          "system" : "urn:ietf:bcp:47",
          "code" : "hil",
          "display" : "Hiligaynon"
        },
        {
          "system" : "urn:ietf:bcp:47",
          "code" : "hi",
          "display" : "Hindi"
        },
        {
          "system" : "urn:ietf:bcp:47",
          "code" : "hmn",
          "display" : "Hmong"
        },
        {
          "system" : "urn:ietf:bcp:47",
          "code" : "ho",
          "display" : "Hiri Motu"
        },
        {
          "system" : "urn:ietf:bcp:47",
          "code" : "hr",
          "display" : "Croatian"
        },
        {
          "system" : "urn:ietf:bcp:47",
          "code" : "hsb",
          "display" : "Upper Sorbian"
        },
        {
          "system" : "urn:ietf:bcp:47",
          "code" : "hu",
          "display" : "Hungarian"
        },
        {
          "system" : "urn:ietf:bcp:47",
          "code" : "hup",
          "display" : "Hupa"
        },
        {
          "system" : "urn:ietf:bcp:47",
          "code" : "hy",
          "display" : "Armenian"
        },
        {
          "system" : "urn:ietf:bcp:47",
          "code" : "iba",
          "display" : "Iban"
        },
        {
          "system" : "urn:ietf:bcp:47",
          "code" : "ig",
          "display" : "Igbo"
        },
        {
          "system" : "urn:ietf:bcp:47",
          "code" : "ii",
          "display" : "Sichuan Yi"
        },
        {
          "system" : "urn:ietf:bcp:47",
          "code" : "iu",
          "display" : "Inuktitut"
        },
        {
          "system" : "urn:ietf:bcp:47",
          "code" : "ilo",
          "display" : "Iloko"
        },
        {
          "system" : "urn:ietf:bcp:47",
          "code" : "id",
          "display" : "Indonesian"
        },
        {
          "system" : "urn:ietf:bcp:47",
          "code" : "inh",
          "display" : "Ingush"
        },
        {
          "system" : "urn:ietf:bcp:47",
          "code" : "ik",
          "display" : "Inupiaq"
        },
        {
          "system" : "urn:ietf:bcp:47",
          "code" : "is",
          "display" : "Icelandic"
        },
        {
          "system" : "urn:ietf:bcp:47",
          "code" : "it",
          "display" : "Italian"
        },
        {
          "system" : "urn:ietf:bcp:47",
          "code" : "jv",
          "display" : "Javanese"
        },
        {
          "system" : "urn:ietf:bcp:47",
          "code" : "ja",
          "display" : "Japanese"
        },
        {
          "system" : "urn:ietf:bcp:47",
          "code" : "jpr",
          "display" : "Judeo-Persian"
        },
        {
          "system" : "urn:ietf:bcp:47",
          "code" : "jrb",
          "display" : "Judeo-Arabic"
        },
        {
          "system" : "urn:ietf:bcp:47",
          "code" : "kaa",
          "display" : "Kara-Kalpak"
        },
        {
          "system" : "urn:ietf:bcp:47",
          "code" : "kab",
          "display" : "Kabyle"
        },
        {
          "system" : "urn:ietf:bcp:47",
          "code" : "kac",
          "display" : "Kachin"
        },
        {
          "system" : "urn:ietf:bcp:47",
          "code" : "kl",
          "display" : "Kalaallisut"
        },
        {
          "system" : "urn:ietf:bcp:47",
          "code" : "kam",
          "display" : "Kamba (Kenya)"
        },
        {
          "system" : "urn:ietf:bcp:47",
          "code" : "kn",
          "display" : "Kannada"
        },
        {
          "system" : "urn:ietf:bcp:47",
          "code" : "ks",
          "display" : "Kashmiri"
        },
        {
          "system" : "urn:ietf:bcp:47",
          "code" : "ka",
          "display" : "Georgian"
        },
        {
          "system" : "urn:ietf:bcp:47",
          "code" : "kr",
          "display" : "Kanuri"
        },
        {
          "system" : "urn:ietf:bcp:47",
          "code" : "kk",
          "display" : "Kazakh"
        },
        {
          "system" : "urn:ietf:bcp:47",
          "code" : "kbd",
          "display" : "Kabardian"
        },
        {
          "system" : "urn:ietf:bcp:47",
          "code" : "kha",
          "display" : "Khasi"
        },
        {
          "system" : "urn:ietf:bcp:47",
          "code" : "km",
          "display" : "Khmer"
        },
        {
          "system" : "urn:ietf:bcp:47",
          "code" : "ki",
          "display" : "Kikuyu"
        },
        {
          "system" : "urn:ietf:bcp:47",
          "code" : "rw",
          "display" : "Kinyarwanda"
        },
        {
          "system" : "urn:ietf:bcp:47",
          "code" : "ky",
          "display" : "Kirghiz"
        },
        {
          "system" : "urn:ietf:bcp:47",
          "code" : "kmb",
          "display" : "Kimbundu"
        },
        {
          "system" : "urn:ietf:bcp:47",
          "code" : "kok",
          "display" : "Konkani"
        },
        {
          "system" : "urn:ietf:bcp:47",
          "code" : "kv",
          "display" : "Komi"
        },
        {
          "system" : "urn:ietf:bcp:47",
          "code" : "kg",
          "display" : "Kongo"
        },
        {
          "system" : "urn:ietf:bcp:47",
          "code" : "ko",
          "display" : "Korean"
        },
        {
          "system" : "urn:ietf:bcp:47",
          "code" : "kos",
          "display" : "Kosraean"
        },
        {
          "system" : "urn:ietf:bcp:47",
          "code" : "kpe",
          "display" : "Kpelle"
        },
        {
          "system" : "urn:ietf:bcp:47",
          "code" : "krc",
          "display" : "Karachay-Balkar"
        },
        {
          "system" : "urn:ietf:bcp:47",
          "code" : "krl",
          "display" : "Karelian"
        },
        {
          "system" : "urn:ietf:bcp:47",
          "code" : "kru",
          "display" : "Kurukh"
        },
        {
          "system" : "urn:ietf:bcp:47",
          "code" : "kj",
          "display" : "Kuanyama"
        },
        {
          "system" : "urn:ietf:bcp:47",
          "code" : "kum",
          "display" : "Kumyk"
        },
        {
          "system" : "urn:ietf:bcp:47",
          "code" : "ku",
          "display" : "Kurdish"
        },
        {
          "system" : "urn:ietf:bcp:47",
          "code" : "kut",
          "display" : "Kutenai"
        },
        {
          "system" : "urn:ietf:bcp:47",
          "code" : "lad",
          "display" : "Ladino"
        },
        {
          "system" : "urn:ietf:bcp:47",
          "code" : "lah",
          "display" : "Lahnda"
        },
        {
          "system" : "urn:ietf:bcp:47",
          "code" : "lam",
          "display" : "Lamba"
        },
        {
          "system" : "urn:ietf:bcp:47",
          "code" : "lo",
          "display" : "Lao"
        },
        {
          "system" : "urn:ietf:bcp:47",
          "code" : "lv",
          "display" : "Latvian"
        },
        {
          "system" : "urn:ietf:bcp:47",
          "code" : "lez",
          "display" : "Lezghian"
        },
        {
          "system" : "urn:ietf:bcp:47",
          "code" : "li",
          "display" : "Limburgan"
        },
        {
          "system" : "urn:ietf:bcp:47",
          "code" : "ln",
          "display" : "Lingala"
        },
        {
          "system" : "urn:ietf:bcp:47",
          "code" : "lt",
          "display" : "Lithuanian"
        },
        {
          "system" : "urn:ietf:bcp:47",
          "code" : "lol",
          "display" : "Mongo"
        },
        {
          "system" : "urn:ietf:bcp:47",
          "code" : "loz",
          "display" : "Lozi"
        },
        {
          "system" : "urn:ietf:bcp:47",
          "code" : "lb",
          "display" : "Luxembourgish"
        },
        {
          "system" : "urn:ietf:bcp:47",
          "code" : "lua",
          "display" : "Luba-Lulua"
        },
        {
          "system" : "urn:ietf:bcp:47",
          "code" : "lu",
          "display" : "Luba-Katanga"
        },
        {
          "system" : "urn:ietf:bcp:47",
          "code" : "lg",
          "display" : "Ganda"
        },
        {
          "system" : "urn:ietf:bcp:47",
          "code" : "lun",
          "display" : "Lunda"
        },
        {
          "system" : "urn:ietf:bcp:47",
          "code" : "luo",
          "display" : "Luo (Kenya and Tanzania)"
        },
        {
          "system" : "urn:ietf:bcp:47",
          "code" : "lus",
          "display" : "Lushai"
        },
        {
          "system" : "urn:ietf:bcp:47",
          "code" : "mad",
          "display" : "Madurese"
        },
        {
          "system" : "urn:ietf:bcp:47",
          "code" : "mag",
          "display" : "Magahi"
        },
        {
          "system" : "urn:ietf:bcp:47",
          "code" : "mh",
          "display" : "Marshallese"
        },
        {
          "system" : "urn:ietf:bcp:47",
          "code" : "mai",
          "display" : "Maithili"
        },
        {
          "system" : "urn:ietf:bcp:47",
          "code" : "mak",
          "display" : "Makasar"
        },
        {
          "system" : "urn:ietf:bcp:47",
          "code" : "ml",
          "display" : "Malayalam"
        },
        {
          "system" : "urn:ietf:bcp:47",
          "code" : "man",
          "display" : "Mandingo"
        },
        {
          "system" : "urn:ietf:bcp:47",
          "code" : "mr",
          "display" : "Marathi"
        },
        {
          "system" : "urn:ietf:bcp:47",
          "code" : "mas",
          "display" : "Masai"
        },
        {
          "system" : "urn:ietf:bcp:47",
          "code" : "mdf",
          "display" : "Moksha"
        },
        {
          "system" : "urn:ietf:bcp:47",
          "code" : "mdr",
          "display" : "Mandar"
        },
        {
          "system" : "urn:ietf:bcp:47",
          "code" : "men",
          "display" : "Mende (Sierra Leone)"
        },
        {
          "system" : "urn:ietf:bcp:47",
          "code" : "mic",
          "display" : "Mi'kmaq"
        },
        {
          "system" : "urn:ietf:bcp:47",
          "code" : "min",
          "display" : "Minangkabau"
        },
        {
          "system" : "urn:ietf:bcp:47",
          "code" : "mk",
          "display" : "Macedonian"
        },
        {
          "system" : "urn:ietf:bcp:47",
          "code" : "mg",
          "display" : "Malagasy"
        },
        {
          "system" : "urn:ietf:bcp:47",
          "code" : "mt",
          "display" : "Maltese"
        },
        {
          "system" : "urn:ietf:bcp:47",
          "code" : "mnc",
          "display" : "Manchu"
        },
        {
          "system" : "urn:ietf:bcp:47",
          "code" : "mni",
          "display" : "Manipuri"
        },
        {
          "system" : "urn:ietf:bcp:47",
          "code" : "moh",
          "display" : "Mohawk"
        },
        {
          "system" : "urn:ietf:bcp:47",
          "code" : "mn",
          "display" : "Mongolian"
        },
        {
          "system" : "urn:ietf:bcp:47",
          "code" : "mos",
          "display" : "Mossi"
        },
        {
          "system" : "urn:ietf:bcp:47",
          "code" : "mi",
          "display" : "Maori"
        },
        {
          "system" : "urn:ietf:bcp:47",
          "code" : "ms",
          "display" : "Malay"
        },
        {
          "system" : "urn:ietf:bcp:47",
          "code" : "mus",
          "display" : "Creek"
        },
        {
          "system" : "urn:ietf:bcp:47",
          "code" : "mwl",
          "display" : "Mirandese"
        },
        {
          "system" : "urn:ietf:bcp:47",
          "code" : "mwr",
          "display" : "Marwari"
        },
        {
          "system" : "urn:ietf:bcp:47",
          "code" : "my",
          "display" : "Burmese"
        },
        {
          "system" : "urn:ietf:bcp:47",
          "code" : "myv",
          "display" : "Erzya"
        },
        {
          "system" : "urn:ietf:bcp:47",
          "code" : "nap",
          "display" : "Neapolitan"
        },
        {
          "system" : "urn:ietf:bcp:47",
          "code" : "na",
          "display" : "Nauru"
        },
        {
          "system" : "urn:ietf:bcp:47",
          "code" : "nv",
          "display" : "Navajo"
        },
        {
          "system" : "urn:ietf:bcp:47",
          "code" : "nr",
          "display" : "South Ndebele"
        },
        {
          "system" : "urn:ietf:bcp:47",
          "code" : "nd",
          "display" : "North Ndebele"
        },
        {
          "system" : "urn:ietf:bcp:47",
          "code" : "ng",
          "display" : "Ndonga"
        },
        {
          "system" : "urn:ietf:bcp:47",
          "code" : "nds",
          "display" : "Low German"
        },
        {
          "system" : "urn:ietf:bcp:47",
          "code" : "ne",
          "display" : "Nepali"
        },
        {
          "system" : "urn:ietf:bcp:47",
          "code" : "new",
          "display" : "Newari"
        },
        {
          "system" : "urn:ietf:bcp:47",
          "code" : "nia",
          "display" : "Nias"
        },
        {
          "system" : "urn:ietf:bcp:47",
          "code" : "niu",
          "display" : "Niuean"
        },
        {
          "system" : "urn:ietf:bcp:47",
          "code" : "nl",
          "display" : "Dutch"
        },
        {
          "system" : "urn:ietf:bcp:47",
          "code" : "nn",
          "display" : "Norwegian Nynorsk"
        },
        {
          "system" : "urn:ietf:bcp:47",
          "code" : "nb",
          "display" : "Norwegian Bokmål"
        },
        {
          "system" : "urn:ietf:bcp:47",
          "code" : "nog",
          "display" : "Nogai"
        },
        {
          "system" : "urn:ietf:bcp:47",
          "code" : "no",
          "display" : "Norwegian"
        },
        {
          "system" : "urn:ietf:bcp:47",
          "code" : "nqo",
          "display" : "N'Ko"
        },
        {
          "system" : "urn:ietf:bcp:47",
          "code" : "nso",
          "display" : "Pedi"
        },
        {
          "system" : "urn:ietf:bcp:47",
          "code" : "ny",
          "display" : "Nyanja"
        },
        {
          "system" : "urn:ietf:bcp:47",
          "code" : "nym",
          "display" : "Nyamwezi"
        },
        {
          "system" : "urn:ietf:bcp:47",
          "code" : "nyn",
          "display" : "Nyankole"
        },
        {
          "system" : "urn:ietf:bcp:47",
          "code" : "nyo",
          "display" : "Nyoro"
        },
        {
          "system" : "urn:ietf:bcp:47",
          "code" : "nzi",
          "display" : "Nzima"
        },
        {
          "system" : "urn:ietf:bcp:47",
          "code" : "oc",
          "display" : "Occitan"
        },
        {
          "system" : "urn:ietf:bcp:47",
          "code" : "oj",
          "display" : "Ojibwa"
        },
        {
          "system" : "urn:ietf:bcp:47",
          "code" : "or",
          "display" : "Oriya"
        },
        {
          "system" : "urn:ietf:bcp:47",
          "code" : "om",
          "display" : "Oromo"
        },
        {
          "system" : "urn:ietf:bcp:47",
          "code" : "osa",
          "display" : "Osage"
        },
        {
          "system" : "urn:ietf:bcp:47",
          "code" : "os",
          "display" : "Ossetian"
        },
        {
          "system" : "urn:ietf:bcp:47",
          "code" : "pag",
          "display" : "Pangasinan"
        },
        {
          "system" : "urn:ietf:bcp:47",
          "code" : "pam",
          "display" : "Pampanga"
        },
        {
          "system" : "urn:ietf:bcp:47",
          "code" : "pa",
          "display" : "Panjabi"
        },
        {
          "system" : "urn:ietf:bcp:47",
          "code" : "pap",
          "display" : "Papiamento"
        },
        {
          "system" : "urn:ietf:bcp:47",
          "code" : "pau",
          "display" : "Palauan"
        },
        {
          "system" : "urn:ietf:bcp:47",
          "code" : "pl",
          "display" : "Polish"
        },
        {
          "system" : "urn:ietf:bcp:47",
          "code" : "pon",
          "display" : "Pohnpeian"
        },
        {
          "system" : "urn:ietf:bcp:47",
          "code" : "pt",
          "display" : "Portuguese"
        },
        {
          "system" : "urn:ietf:bcp:47",
          "code" : "ps",
          "display" : "Pushto"
        },
        {
          "system" : "urn:ietf:bcp:47",
          "code" : "qu",
          "display" : "Quechua"
        },
        {
          "system" : "urn:ietf:bcp:47",
          "code" : "raj",
          "display" : "Rajasthani"
        },
        {
          "system" : "urn:ietf:bcp:47",
          "code" : "rap",
          "display" : "Rapanui"
        },
        {
          "system" : "urn:ietf:bcp:47",
          "code" : "rar",
          "display" : "Rarotongan"
        },
        {
          "system" : "urn:ietf:bcp:47",
          "code" : "rm",
          "display" : "Romansh"
        },
        {
          "system" : "urn:ietf:bcp:47",
          "code" : "rom",
          "display" : "Romany"
        },
        {
          "system" : "urn:ietf:bcp:47",
          "code" : "ro",
          "display" : "Romanian"
        },
        {
          "system" : "urn:ietf:bcp:47",
          "code" : "rn",
          "display" : "Rundi"
        },
        {
          "system" : "urn:ietf:bcp:47",
          "code" : "rup",
          "display" : "Macedo-Romanian"
        },
        {
          "system" : "urn:ietf:bcp:47",
          "code" : "ru",
          "display" : "Russian"
        },
        {
          "system" : "urn:ietf:bcp:47",
          "code" : "sad",
          "display" : "Sandawe"
        },
        {
          "system" : "urn:ietf:bcp:47",
          "code" : "sg",
          "display" : "Sango"
        },
        {
          "system" : "urn:ietf:bcp:47",
          "code" : "sah",
          "display" : "Yakut"
        },
        {
          "system" : "urn:ietf:bcp:47",
          "code" : "sas",
          "display" : "Sasak"
        },
        {
          "system" : "urn:ietf:bcp:47",
          "code" : "sat",
          "display" : "Santali"
        },
        {
          "system" : "urn:ietf:bcp:47",
          "code" : "scn",
          "display" : "Sicilian"
        },
        {
          "system" : "urn:ietf:bcp:47",
          "code" : "sco",
          "display" : "Scots"
        },
        {
          "system" : "urn:ietf:bcp:47",
          "code" : "sel",
          "display" : "Selkup"
        },
        {
          "system" : "urn:ietf:bcp:47",
          "code" : "shn",
          "display" : "Shan"
        },
        {
          "system" : "urn:ietf:bcp:47",
          "code" : "sid",
          "display" : "Sidamo"
        },
        {
          "system" : "urn:ietf:bcp:47",
          "code" : "si",
          "display" : "Sinhala"
        },
        {
          "system" : "urn:ietf:bcp:47",
          "code" : "sk",
          "display" : "Slovak"
        },
        {
          "system" : "urn:ietf:bcp:47",
          "code" : "sl",
          "display" : "Slovenian"
        },
        {
          "system" : "urn:ietf:bcp:47",
          "code" : "sma",
          "display" : "Southern Sami"
        },
        {
          "system" : "urn:ietf:bcp:47",
          "code" : "se",
          "display" : "Northern Sami"
        },
        {
          "system" : "urn:ietf:bcp:47",
          "code" : "smj",
          "display" : "Lule Sami"
        },
        {
          "system" : "urn:ietf:bcp:47",
          "code" : "smn",
          "display" : "Inari Sami"
        },
        {
          "system" : "urn:ietf:bcp:47",
          "code" : "sm",
          "display" : "Samoan"
        },
        {
          "system" : "urn:ietf:bcp:47",
          "code" : "sms",
          "display" : "Skolt Sami"
        },
        {
          "system" : "urn:ietf:bcp:47",
          "code" : "sn",
          "display" : "Shona"
        },
        {
          "system" : "urn:ietf:bcp:47",
          "code" : "sd",
          "display" : "Sindhi"
        },
        {
          "system" : "urn:ietf:bcp:47",
          "code" : "snk",
          "display" : "Soninke"
        },
        {
          "system" : "urn:ietf:bcp:47",
          "code" : "so",
          "display" : "Somali"
        },
        {
          "system" : "urn:ietf:bcp:47",
          "code" : "st",
          "display" : "Southern Sotho"
        },
        {
          "system" : "urn:ietf:bcp:47",
          "code" : "es",
          "display" : "Spanish"
        },
        {
          "system" : "urn:ietf:bcp:47",
          "code" : "es-PR",
          "display" : "Spanish (Puerto Rican)"
        },
        {
          "system" : "urn:ietf:bcp:47",
          "code" : "sq",
          "display" : "Albanian"
        },
        {
          "system" : "urn:ietf:bcp:47",
          "code" : "sc",
          "display" : "Sardinian"
        },
        {
          "system" : "urn:ietf:bcp:47",
          "code" : "srn",
          "display" : "Sranan Tongo"
        },
        {
          "system" : "urn:ietf:bcp:47",
          "code" : "sr",
          "display" : "Serbian"
        },
        {
          "system" : "urn:ietf:bcp:47",
          "code" : "srr",
          "display" : "Serer"
        },
        {
          "system" : "urn:ietf:bcp:47",
          "code" : "ss",
          "display" : "Swati"
        },
        {
          "system" : "urn:ietf:bcp:47",
          "code" : "suk",
          "display" : "Sukuma"
        },
        {
          "system" : "urn:ietf:bcp:47",
          "code" : "su",
          "display" : "Sundanese"
        },
        {
          "system" : "urn:ietf:bcp:47",
          "code" : "sus",
          "display" : "Susu"
        },
        {
          "system" : "urn:ietf:bcp:47",
          "code" : "sw",
          "display" : "Swahili"
        },
        {
          "system" : "urn:ietf:bcp:47",
          "code" : "sv",
          "display" : "Swedish"
        },
        {
          "system" : "urn:ietf:bcp:47",
          "code" : "syr",
          "display" : "Syriac"
        },
        {
          "system" : "urn:ietf:bcp:47",
          "code" : "ty",
          "display" : "Tahitian"
        },
        {
          "system" : "urn:ietf:bcp:47",
          "code" : "ta",
          "display" : "Tamil"
        },
        {
          "system" : "urn:ietf:bcp:47",
          "code" : "tt",
          "display" : "Tatar"
        },
        {
          "system" : "urn:ietf:bcp:47",
          "code" : "te",
          "display" : "Telugu"
        },
        {
          "system" : "urn:ietf:bcp:47",
          "code" : "tem",
          "display" : "Timne"
        },
        {
          "system" : "urn:ietf:bcp:47",
          "code" : "ter",
          "display" : "Tereno"
        },
        {
          "system" : "urn:ietf:bcp:47",
          "code" : "tet",
          "display" : "Tetum"
        },
        {
          "system" : "urn:ietf:bcp:47",
          "code" : "tg",
          "display" : "Tajik"
        },
        {
          "system" : "urn:ietf:bcp:47",
          "code" : "tl",
          "display" : "Tagalog"
        },
        {
          "system" : "urn:ietf:bcp:47",
          "code" : "th",
          "display" : "Thai"
        },
        {
          "system" : "urn:ietf:bcp:47",
          "code" : "tig",
          "display" : "Tigre"
        },
        {
          "system" : "urn:ietf:bcp:47",
          "code" : "ti",
          "display" : "Tigrinya"
        },
        {
          "system" : "urn:ietf:bcp:47",
          "code" : "tiv",
          "display" : "Tiv"
        },
        {
          "system" : "urn:ietf:bcp:47",
          "code" : "tkl",
          "display" : "Tokelau"
        },
        {
          "system" : "urn:ietf:bcp:47",
          "code" : "tli",
          "display" : "Tlingit"
        },
        {
          "system" : "urn:ietf:bcp:47",
          "code" : "tmh",
          "display" : "Tamashek"
        },
        {
          "system" : "urn:ietf:bcp:47",
          "code" : "tog",
          "display" : "Tonga (Nyasa)"
        },
        {
          "system" : "urn:ietf:bcp:47",
          "code" : "to",
          "display" : "Tonga (Tonga Islands)"
        },
        {
          "system" : "urn:ietf:bcp:47",
          "code" : "tpi",
          "display" : "Tok Pisin"
        },
        {
          "system" : "urn:ietf:bcp:47",
          "code" : "tsi",
          "display" : "Tsimshian"
        },
        {
          "system" : "urn:ietf:bcp:47",
          "code" : "tn",
          "display" : "Tswana"
        },
        {
          "system" : "urn:ietf:bcp:47",
          "code" : "ts",
          "display" : "Tsonga"
        },
        {
          "system" : "urn:ietf:bcp:47",
          "code" : "tk",
          "display" : "Turkmen"
        },
        {
          "system" : "urn:ietf:bcp:47",
          "code" : "tum",
          "display" : "Tumbuka"
        },
        {
          "system" : "urn:ietf:bcp:47",
          "code" : "tr",
          "display" : "Turkish"
        },
        {
          "system" : "urn:ietf:bcp:47",
          "code" : "tvl",
          "display" : "Tuvalu"
        },
        {
          "system" : "urn:ietf:bcp:47",
          "code" : "tw",
          "display" : "Twi"
        },
        {
          "system" : "urn:ietf:bcp:47",
          "code" : "tyv",
          "display" : "Tuvinian"
        },
        {
          "system" : "urn:ietf:bcp:47",
          "code" : "udm",
          "display" : "Udmurt"
        },
        {
          "system" : "urn:ietf:bcp:47",
          "code" : "ug",
          "display" : "Uighur"
        },
        {
          "system" : "urn:ietf:bcp:47",
          "code" : "uk",
          "display" : "Ukrainian"
        },
        {
          "system" : "urn:ietf:bcp:47",
          "code" : "umb",
          "display" : "Umbundu"
        },
        {
          "system" : "urn:ietf:bcp:47",
          "code" : "ur",
          "display" : "Urdu"
        },
        {
          "system" : "urn:ietf:bcp:47",
          "code" : "uz",
          "display" : "Uzbek"
        },
        {
          "system" : "urn:ietf:bcp:47",
          "code" : "vai",
          "display" : "Vai"
        },
        {
          "system" : "urn:ietf:bcp:47",
          "code" : "ve",
          "display" : "Venda"
        },
        {
          "system" : "urn:ietf:bcp:47",
          "code" : "vi",
          "display" : "Vietnamese"
        },
        {
          "system" : "urn:ietf:bcp:47",
          "code" : "vot",
          "display" : "Votic"
        },
        {
          "system" : "urn:ietf:bcp:47",
          "code" : "wal",
          "display" : "Wolaytta"
        },
        {
          "system" : "urn:ietf:bcp:47",
          "code" : "war",
          "display" : "Waray (Philippines)"
        },
        {
          "system" : "urn:ietf:bcp:47",
          "code" : "was",
          "display" : "Washo"
        },
        {
          "system" : "urn:ietf:bcp:47",
          "code" : "wa",
          "display" : "Walloon"
        },
        {
          "system" : "urn:ietf:bcp:47",
          "code" : "wo",
          "display" : "Wolof"
        },
        {
          "system" : "urn:ietf:bcp:47",
          "code" : "xal",
          "display" : "Kalmyk"
        },
        {
          "system" : "urn:ietf:bcp:47",
          "code" : "xh",
          "display" : "Xhosa"
        },
        {
          "system" : "urn:ietf:bcp:47",
          "code" : "yao",
          "display" : "Yao"
        },
        {
          "system" : "urn:ietf:bcp:47",
          "code" : "yap",
          "display" : "Yapese"
        },
        {
          "system" : "urn:ietf:bcp:47",
          "code" : "yi",
          "display" : "Yiddish"
        },
        {
          "system" : "urn:ietf:bcp:47",
          "code" : "yo",
          "display" : "Yoruba"
        },
        {
          "system" : "urn:ietf:bcp:47",
          "code" : "zap",
          "display" : "Zapotec"
        },
        {
          "system" : "urn:ietf:bcp:47",
          "code" : "zen",
          "display" : "Zenaga"
        },
        {
          "system" : "urn:ietf:bcp:47",
          "code" : "zgh",
          "display" : "Standard Moroccan Tamazight"
        },
        {
          "system" : "urn:ietf:bcp:47",
          "code" : "za",
          "display" : "Zhuang"
        },
        {
          "system" : "urn:ietf:bcp:47",
          "code" : "zh",
          "display" : "Chinese"
        },
        {
          "system" : "urn:ietf:bcp:47",
          "code" : "zu",
          "display" : "Zulu"
        },
        {
          "system" : "urn:ietf:bcp:47",
          "code" : "zun",
          "display" : "Zuni"
        },
        {
          "system" : "urn:ietf:bcp:47",
          "code" : "zza",
          "display" : "Zaza"
        }]
      }
    }
  },
  {
    "fullUrl" : "http://saraalert.org/ValueSet/covid-19-vaccines",
    "resource" : {
      "resourceType" : "ValueSet",
      "id" : "covid-19-vaccines",
      "text" : {
        "status" : "generated",
        "div" : "<div xmlns=\"http://www.w3.org/1999/xhtml\"><p>This value set contains 4 concepts</p><div style=\"border: black 1px dotted; background-color: #EEEEEE; padding: 8px; margin-bottom: 8px\"><p>Expansion based on: </p><ul><li><a href=\"http://terminology.hl7.org/2.0.0/CodeSystem-v3-NullFlavor.html\">NullFlavor v2.0.0 (CodeSystem)</a></li><li>http://hl7.org/fhir/sid/cvx version 20210406</li></ul></div><table class=\"codes\"><tr><td style=\"white-space:nowrap\"><b>Code</b></td><td><b>System</b></td><td><b>Display</b></td><td><b>Definition</b></td></tr><tr><td style=\"white-space:nowrap\"><a name=\"http---hl7.org-fhir-sid-cvx-207\"> </a>207</td><td>http://hl7.org/fhir/sid/cvx</td><td>Moderna COVID-19 Vaccine</td><td/></tr><tr><td style=\"white-space:nowrap\"><a name=\"http---hl7.org-fhir-sid-cvx-208\"> </a>208</td><td>http://hl7.org/fhir/sid/cvx</td><td>Pfizer COVID-19 Vaccine</td><td/></tr><tr><td style=\"white-space:nowrap\"><a name=\"http---hl7.org-fhir-sid-cvx-212\"> </a>212</td><td>http://hl7.org/fhir/sid/cvx</td><td>Janssen COVID-19 Vaccine</td><td/></tr><tr><td style=\"white-space:nowrap\"><a name=\"http---terminology.hl7.org-CodeSystem-v3-NullFlavor-UNK\"> </a><a href=\"http://terminology.hl7.org/2.0.0/CodeSystem-v3-NullFlavor.html#v3-NullFlavor-UNK\">UNK</a></td><td>http://terminology.hl7.org/CodeSystem/v3-NullFlavor</td><td>unknown</td><td>**Description:**A proper value is applicable, but not known.\r\n\r\n**Usage Notes**: This means the actual value is not known. If the only thing that is unknown is how to properly express the value in the necessary constraints (value set, datatype, etc.), then the OTH or UNC flavor should be used. No properties should be included for a datatype with this property unless:\r\n\r\n1.  Those properties themselves directly translate to a semantic of &quot;unknown&quot;. (E.g. a local code sent as a translation that conveys 'unknown')\r\n2.  Those properties further qualify the nature of what is unknown. (E.g. specifying a use code of &quot;H&quot; and a URL prefix of &quot;tel:&quot; to convey that it is the home phone number that is unknown.)</td></tr></table></div>"
      },
      "url" : "http://saraalert.org/ValueSet/covid-19-vaccines",
      "version" : "1.0.0",
      "name" : "COVID19VaccinesValueSet",
      "title" : "COVID-19 Vaccines Value Set",
      "status" : "active",
      "date" : "2021-05-17T13:06:35-05:00",
      "publisher" : "The MITRE Corporation",
      "contact" : [{
        "name" : "The MITRE Corporation",
        "telecom" : [{
          "system" : "url",
          "value" : "http://www.mitre.org"
        }]
      }],
      "expansion" : {
        "identifier" : "urn:uuid:1ad8de3a-e86a-4926-872a-69273e505f45",
        "timestamp" : "2021-05-17T13:06:51-05:00",
        "total" : 4,
        "parameter" : [{
          "name" : "excludeNested",
          "valueBoolean" : false
        },
        {
          "name" : "limitedExpansion",
          "valueBoolean" : true
        },
        {
          "name" : "version",
          "valueString" : "http://hl7.org/fhir/sid/cvx|20210406"
        },
        {
          "name" : "version",
          "valueUri" : "http://terminology.hl7.org/CodeSystem/v3-NullFlavor|2.0.0"
        }],
        "contains" : [{
          "system" : "http://hl7.org/fhir/sid/cvx",
          "code" : "207",
          "display" : "Moderna COVID-19 Vaccine"
        },
        {
          "system" : "http://hl7.org/fhir/sid/cvx",
          "code" : "208",
          "display" : "Pfizer COVID-19 Vaccine"
        },
        {
          "system" : "http://hl7.org/fhir/sid/cvx",
          "code" : "212",
          "display" : "Janssen COVID-19 Vaccine"
        },
        {
          "system" : "http://terminology.hl7.org/CodeSystem/v3-NullFlavor",
          "code" : "UNK",
          "display" : "unknown"
        }]
      }
    }
  }]
}