{
  "resourceType" : "Bundle",
  "id" : "dc0722a6-1e77-4f3c-85fe-81915c9911cf",
  "meta" : {
    "lastUpdated" : "2021-05-05T21:26:09.938-04:00"
  },
  "type" : "collection",
  "entry" : [{
    "fullUrl" : "http://saraalert.org/ValueSet/covid-19-vaccines",
    "resource" : {
      "resourceType" : "ValueSet",
      "id" : "covid-19-vaccines",
      "text" : {
        "status" : "generated",
        "div" : "<div xmlns=\"http://www.w3.org/1999/xhtml\"><p>This value set contains 4 concepts</p><div style=\"border: maroon 1px solid; background-color: #FFCCCC; padding: 8px\"><p>Warning: this expansion is generated from fragments of the following code systems, and may be missing codes, or include codes that are not valid:</p><ul><li><a href=\"http://terminology.hl7.org/2.0.0/CodeSystem-CVX.html\">PH_VaccinesAdministeredCVX_CDC_NIP</a></li><li><a href=\"http://terminology.hl7.org/2.0.0/CodeSystem-CVX.html\">PH_VaccinesAdministeredCVX_CDC_NIP</a></li><li><a href=\"http://terminology.hl7.org/2.0.0/CodeSystem-CVX.html\">PH_VaccinesAdministeredCVX_CDC_NIP</a></li></ul></div><div style=\"border: black 1px dotted; background-color: #EEEEEE; padding: 8px; margin-bottom: 8px\"><p>Expansion based on: </p><ul><li><a href=\"http://terminology.hl7.org/2.0.0/CodeSystem-v3-NullFlavor.html\">NullFlavor v2.0.0 (CodeSystem)</a></li><li><a href=\"http://terminology.hl7.org/2.0.0/CodeSystem-CVX.html\">PH_VaccinesAdministeredCVX_CDC_NIP v2.ext.0 (CodeSystem)</a></li></ul></div><table class=\"codes\"><tr><td style=\"white-space:nowrap\"><b>Code</b></td><td><b>System</b></td><td><b>Display</b></td><td><b>Definition</b></td></tr><tr><td style=\"white-space:nowrap\"><a name=\"http---hl7.org-fhir-sid-cvx-207\"> </a>207</td><td>http://hl7.org/fhir/sid/cvx</td><td>Moderna COVID-19 Vaccine</td><td/></tr><tr><td style=\"white-space:nowrap\"><a name=\"http---hl7.org-fhir-sid-cvx-208\"> </a>208</td><td>http://hl7.org/fhir/sid/cvx</td><td>Pfizer COVID-19 Vaccine</td><td/></tr><tr><td style=\"white-space:nowrap\"><a name=\"http---hl7.org-fhir-sid-cvx-212\"> </a>212</td><td>http://hl7.org/fhir/sid/cvx</td><td>Janssen COVID-19 Vaccine</td><td/></tr><tr><td style=\"white-space:nowrap\"><a name=\"http---terminology.hl7.org-CodeSystem-v3-NullFlavor-UNK\"> </a><a href=\"http://terminology.hl7.org/2.0.0/CodeSystem-v3-NullFlavor.html#v3-NullFlavor-UNK\">UNK</a></td><td>http://terminology.hl7.org/CodeSystem/v3-NullFlavor</td><td>unknown</td><td>**Description:**A proper value is applicable, but not known.\r\n\r\n**Usage Notes**: This means the actual value is not known. If the only thing that is unknown is how to properly express the value in the necessary constraints (value set, datatype, etc.), then the OTH or UNC flavor should be used. No properties should be included for a datatype with this property unless:\r\n\r\n1.  Those properties themselves directly translate to a semantic of &quot;unknown&quot;. (E.g. a local code sent as a translation that conveys 'unknown')\r\n2.  Those properties further qualify the nature of what is unknown. (E.g. specifying a use code of &quot;H&quot; and a URL prefix of &quot;tel:&quot; to convey that it is the home phone number that is unknown.)</td></tr></table></div>"
      },
      "url" : "http://saraalert.org/ValueSet/covid-19-vaccines",
      "version" : "1.0.0",
      "name" : "COVID19VaccinesValueSet",
      "title" : "COVID-19 Vaccines Value Set",
      "status" : "active",
      "date" : "2021-05-05T21:26:09-04:00",
      "publisher" : "The MITRE Corporation",
      "contact" : [{
        "name" : "The MITRE Corporation",
        "telecom" : [{
          "system" : "url",
          "value" : "http://www.mitre.org"
        }]
      }],
      "expansion" : {
        "extension" : [{
          "url" : "http://hl7.org/fhir/tools/StructureDefinition/expansion-codesystem-fragment",
          "valueUri" : "http://hl7.org/fhir/sid/cvx"
        },
        {
          "url" : "http://hl7.org/fhir/tools/StructureDefinition/expansion-codesystem-fragment",
          "valueUri" : "http://hl7.org/fhir/sid/cvx"
        },
        {
          "url" : "http://hl7.org/fhir/tools/StructureDefinition/expansion-codesystem-fragment",
          "valueUri" : "http://hl7.org/fhir/sid/cvx"
        }],
        "identifier" : "urn:uuid:ca764e25-1af2-4597-85bb-619902078c29",
        "timestamp" : "2021-05-05T21:26:30-04:00",
        "total" : 4,
        "parameter" : [{
          "name" : "excludeNested",
          "valueBoolean" : false
        },
        {
          "name" : "version",
          "valueUri" : "http://hl7.org/fhir/sid/cvx|2.ext.0"
        },
        {
          "name" : "version",
          "valueUri" : "http://terminology.hl7.org/CodeSystem/v3-NullFlavor|2.0.0"
        }],
        "contains" : [{
          "system" : "http://hl7.org/fhir/sid/cvx",
          "code" : "207",
          "display" : "Moderna COVID-19 Vaccine"
        },
        {
          "system" : "http://hl7.org/fhir/sid/cvx",
          "code" : "208",
          "display" : "Pfizer COVID-19 Vaccine"
        },
        {
          "system" : "http://hl7.org/fhir/sid/cvx",
          "code" : "212",
          "display" : "Janssen COVID-19 Vaccine"
        },
        {
          "system" : "http://terminology.hl7.org/CodeSystem/v3-NullFlavor",
          "code" : "UNK",
          "display" : "unknown"
        }]
      }
    }
  }]
}