<?xml version="1.0" encoding="UTF-8"?>

<ImplementationGuide xmlns="http://hl7.org/fhir">
  <id value="saraalert-fhir"/>
  <text>
    <status value="extensions"/><div xmlns="http://www.w3.org/1999/xhtml"><h2>SaraAlert</h2><p>The official URL for this implementation guide is: </p><pre>http://saraalert.org/ImplementationGuide/saraalert-fhir</pre></div>
  </text>
  <url value="http://saraalert.org/ImplementationGuide/saraalert-fhir"/>
  <version value="1.0.0"/>
  <name value="SaraAlert"/>
  <status value="active"/>
  <date value="2021-10-06T18:59:21-05:00"/>
  <publisher value="The MITRE Corporation"/>
  <contact>
    <name value="The MITRE Corporation"/>
    <telecom>
      <system value="url"/>
      <value value="http://www.mitre.org"/>
    </telecom>
  </contact>
  <packageId value="saraalert-fhir"/>
  <license value="CC0-1.0"/>
  <fhirVersion value="4.0.1"/>
  <dependsOn id="hl7_fhir_us_core">
    <uri value="http://hl7.org/fhir/us/core/ImplementationGuide/hl7.fhir.us.core"/>
    <packageId value="hl7.fhir.us.core"/>
    <version value="3.1.0"/>
  </dependsOn>
  <definition>
    <extension url="http://hl7.org/fhir/tools/StructureDefinition/ig-parameter">
      <extension url="code">
        <valueString value="copyrightyear"/>
      </extension>
      <extension url="value">
        <valueString value="2020+"/>
      </extension>
    </extension>
    <extension url="http://hl7.org/fhir/tools/StructureDefinition/ig-parameter">
      <extension url="code">
        <valueString value="releaselabel"/>
      </extension>
      <extension url="value">
        <valueString value="Build CI"/>
      </extension>
    </extension>
    <extension url="http://hl7.org/fhir/tools/StructureDefinition/ig-parameter">
      <extension url="code">
        <valueString value="apply-contact"/>
      </extension>
      <extension url="value">
        <valueString value="true"/>
      </extension>
    </extension>
    <extension url="http://hl7.org/fhir/tools/StructureDefinition/ig-parameter">
      <extension url="code">
        <valueString value="apply-jurisdiction"/>
      </extension>
      <extension url="value">
        <valueString value="false"/>
      </extension>
    </extension>
    <extension url="http://hl7.org/fhir/tools/StructureDefinition/ig-parameter">
      <extension url="code">
        <valueString value="apply-publisher"/>
      </extension>
      <extension url="value">
        <valueString value="true"/>
      </extension>
    </extension>
    <extension url="http://hl7.org/fhir/tools/StructureDefinition/ig-parameter">
      <extension url="code">
        <valueString value="autoload-resources"/>
      </extension>
      <extension url="value">
        <valueString value="true"/>
      </extension>
    </extension>
    <extension url="http://hl7.org/fhir/tools/StructureDefinition/ig-parameter">
      <extension url="code">
        <valueString value="path-liquid"/>
      </extension>
      <extension url="value">
        <valueString value="template/liquid"/>
      </extension>
    </extension>
    <extension url="http://hl7.org/fhir/tools/StructureDefinition/ig-parameter">
      <extension url="code">
        <valueString value="path-liquid"/>
      </extension>
      <extension url="value">
        <valueString value="input/liquid"/>
      </extension>
    </extension>
    <extension url="http://hl7.org/fhir/tools/StructureDefinition/ig-parameter">
      <extension url="code">
        <valueString value="path-qa"/>
      </extension>
      <extension url="value">
        <valueString value="temp/qa"/>
      </extension>
    </extension>
    <extension url="http://hl7.org/fhir/tools/StructureDefinition/ig-parameter">
      <extension url="code">
        <valueString value="path-temp"/>
      </extension>
      <extension url="value">
        <valueString value="temp/pages"/>
      </extension>
    </extension>
    <extension url="http://hl7.org/fhir/tools/StructureDefinition/ig-parameter">
      <extension url="code">
        <valueString value="path-output"/>
      </extension>
      <extension url="value">
        <valueString value="output"/>
      </extension>
    </extension>
    <extension url="http://hl7.org/fhir/tools/StructureDefinition/ig-parameter">
      <extension url="code">
        <valueString value="path-suppressed-warnings"/>
      </extension>
      <extension url="value">
        <valueString value="input/ignoreWarnings.txt"/>
      </extension>
    </extension>
    <extension url="http://hl7.org/fhir/tools/StructureDefinition/ig-parameter">
      <extension url="code">
        <valueString value="path-history"/>
      </extension>
      <extension url="value">
        <valueString value="http://saraalert.org/history.html"/>
      </extension>
    </extension>
    <extension url="http://hl7.org/fhir/tools/StructureDefinition/ig-parameter">
      <extension url="code">
        <valueString value="template-html"/>
      </extension>
      <extension url="value">
        <valueString value="template-page.html"/>
      </extension>
    </extension>
    <extension url="http://hl7.org/fhir/tools/StructureDefinition/ig-parameter">
      <extension url="code">
        <valueString value="template-md"/>
      </extension>
      <extension url="value">
        <valueString value="template-page-md.html"/>
      </extension>
    </extension>
    <extension url="http://hl7.org/fhir/tools/StructureDefinition/ig-parameter">
      <extension url="code">
        <valueString value="apply-context"/>
      </extension>
      <extension url="value">
        <valueString value="true"/>
      </extension>
    </extension>
    <extension url="http://hl7.org/fhir/tools/StructureDefinition/ig-parameter">
      <extension url="code">
        <valueString value="apply-copyright"/>
      </extension>
      <extension url="value">
        <valueString value="true"/>
      </extension>
    </extension>
    <extension url="http://hl7.org/fhir/tools/StructureDefinition/ig-parameter">
      <extension url="code">
        <valueString value="apply-license"/>
      </extension>
      <extension url="value">
        <valueString value="true"/>
      </extension>
    </extension>
    <extension url="http://hl7.org/fhir/tools/StructureDefinition/ig-parameter">
      <extension url="code">
        <valueString value="apply-version"/>
      </extension>
      <extension url="value">
        <valueString value="true"/>
      </extension>
    </extension>
    <extension url="http://hl7.org/fhir/tools/StructureDefinition/ig-parameter">
      <extension url="code">
        <valueString value="active-tables"/>
      </extension>
      <extension url="value">
        <valueString value="true"/>
      </extension>
    </extension>
    <resource>
      <extension url="http://hl7.org/fhir/tools/StructureDefinition/resource-information">
        <valueString value="StructureDefinition:resource"/>
      </extension>
      <reference>
        <reference value="StructureDefinition/sara-alert-immunization"/>
      </reference>
      <name value="Sara Alert Immunization Profile"/>
      <description value="The Sara Alert Immunization profile represents a vaccination of a monitoree."/>
      <exampleBoolean value="false"/>
    </resource>
    <resource>
      <extension url="http://hl7.org/fhir/tools/StructureDefinition/resource-information">
        <valueString value="StructureDefinition:resource"/>
      </extension>
      <reference>
        <reference value="StructureDefinition/sara-alert-observation"/>
      </reference>
      <name value="Sara Alert Observation Profile"/>
      <description value="The Sara Alert Observation profile represents a monitoree lab result."/>
      <exampleBoolean value="false"/>
    </resource>
    <resource>
      <extension url="http://hl7.org/fhir/tools/StructureDefinition/resource-information">
        <valueString value="StructureDefinition:resource"/>
      </extension>
      <reference>
        <reference value="StructureDefinition/sara-alert-patient"/>
      </reference>
      <name value="Sara Alert Patient Profile"/>
      <description value="Sara Alert outputs additional extensions on Patient resources"/>
      <exampleBoolean value="false"/>
    </resource>
    <resource>
      <extension url="http://hl7.org/fhir/tools/StructureDefinition/resource-information">
        <valueString value="StructureDefinition:resource"/>
      </extension>
      <reference>
        <reference value="StructureDefinition/sara-alert-provenance"/>
      </reference>
      <name value="Sara Alert Provenance Profile"/>
      <description value="The Sara Alert Provenance profile represents a monitoree history item."/>
      <exampleBoolean value="false"/>
    </resource>
    <resource>
      <extension url="http://hl7.org/fhir/tools/StructureDefinition/resource-information">
        <valueString value="StructureDefinition:resource"/>
      </extension>
      <reference>
        <reference value="StructureDefinition/sara-alert-questionnaire-response"/>
      </reference>
      <name value="Sara Alert QuestionnaireResponse Profile"/>
      <description value="The Sara Alert QuestionnaireResponse profile represents a monitoree daily report."/>
      <exampleBoolean value="false"/>
    </resource>
    <resource>
      <extension url="http://hl7.org/fhir/tools/StructureDefinition/resource-information">
        <valueString value="StructureDefinition:resource"/>
      </extension>
      <reference>
        <reference value="StructureDefinition/sara-alert-related-person"/>
      </reference>
      <name value="Sara Alert RelatedPerson Profile"/>
      <description value="The Sara Alert RelatedPerson profile represents a close contact of a monitoree."/>
      <exampleBoolean value="false"/>
    </resource>
    <resource>
      <extension url="http://hl7.org/fhir/tools/StructureDefinition/resource-information">
        <valueString value="StructureDefinition:extension"/>
      </extension>
      <reference>
        <reference value="StructureDefinition/additional-planned-travel-destination"/>
      </reference>
      <name value="Additional Planned Travel Destination"/>
      <description value="Represents destination of the monitoree’s planned travel."/>
      <exampleBoolean value="false"/>
    </resource>
    <resource>
      <extension url="http://hl7.org/fhir/tools/StructureDefinition/resource-information">
        <valueString value="StructureDefinition:extension"/>
      </extension>
      <reference>
        <reference value="StructureDefinition/additional-planned-travel-destination-country"/>
      </reference>
      <name value="Additional Planned Travel Destination Country"/>
      <description value="Represents destination country of the monitoree’s planned travel."/>
      <exampleBoolean value="false"/>
    </resource>
    <resource>
      <extension url="http://hl7.org/fhir/tools/StructureDefinition/resource-information">
        <valueString value="StructureDefinition:extension"/>
      </extension>
      <reference>
        <reference value="StructureDefinition/additional-planned-travel-destination-state"/>
      </reference>
      <name value="Additional Planned Travel Destination State"/>
      <description value="Represents destination state of the monitoree’s planned travel."/>
      <exampleBoolean value="false"/>
    </resource>
    <resource>
      <extension url="http://hl7.org/fhir/tools/StructureDefinition/resource-information">
        <valueString value="StructureDefinition:extension"/>
      </extension>
      <reference>
        <reference value="StructureDefinition/additional-planned-travel-end-date"/>
      </reference>
      <name value="Additional Planned Travel End Date"/>
      <description value="Represents the date that the monitoree is planning to end their additional travel."/>
      <exampleBoolean value="false"/>
    </resource>
    <resource>
      <extension url="http://hl7.org/fhir/tools/StructureDefinition/resource-information">
        <valueString value="StructureDefinition:extension"/>
      </extension>
      <reference>
        <reference value="StructureDefinition/additional-planned-travel-notes"/>
      </reference>
      <name value="Additional Planned Travel Notes"/>
      <description value="Represents any additional notes about the monitoree’s planned travel. This can include details about the nature of the trip, planned social interaction, additional destinations, etc."/>
      <exampleBoolean value="false"/>
    </resource>
    <resource>
      <extension url="http://hl7.org/fhir/tools/StructureDefinition/resource-information">
        <valueString value="StructureDefinition:extension"/>
      </extension>
      <reference>
        <reference value="StructureDefinition/additional-planned-travel-port-of-departure"/>
      </reference>
      <name value="Additional Planned Travel Port of Departure"/>
      <description value="Represents the airport, station, or docking point that the monitoree is planning to travel from."/>
      <exampleBoolean value="false"/>
    </resource>
    <resource>
      <extension url="http://hl7.org/fhir/tools/StructureDefinition/resource-information">
        <valueString value="StructureDefinition:extension"/>
      </extension>
      <reference>
        <reference value="StructureDefinition/additional-planned-travel-start-date"/>
      </reference>
      <name value="Additional Planned Travel Start Date"/>
      <description value="Represents the date that the monitoree is planning to begin their additional travel."/>
      <exampleBoolean value="false"/>
    </resource>
    <resource>
      <extension url="http://hl7.org/fhir/tools/StructureDefinition/resource-information">
        <valueString value="StructureDefinition:extension"/>
      </extension>
      <reference>
        <reference value="StructureDefinition/additional-planned-travel-type"/>
      </reference>
      <name value="Additional Planned Travel Type"/>
      <description value="Represents type of additional planned travel the monitoree has reported (options are: `Domestic` and `International`)."/>
      <exampleBoolean value="false"/>
    </resource>
    <resource>
      <extension url="http://hl7.org/fhir/tools/StructureDefinition/resource-information">
        <valueString value="StructureDefinition:extension"/>
      </extension>
      <reference>
        <reference value="StructureDefinition/address-type"/>
      </reference>
      <name value="Address Type"/>
      <description value="Indicates if a monitoree&#39;s address is within the USA, or outside of the USA (options are: `USA`, `Foreign`, `Monitored` and `ForeignMonitored`). The extension only has meaning when used on the &#39;Patient.address&#39; element. If this extension is not present the address is assumed to be within the USA."/>
      <exampleBoolean value="false"/>
    </resource>
    <resource>
      <extension url="http://hl7.org/fhir/tools/StructureDefinition/resource-information">
        <valueString value="StructureDefinition:extension"/>
      </extension>
      <reference>
        <reference value="StructureDefinition/assigned-user"/>
      </reference>
      <name value="Assigned User"/>
      <description value="Represents the user or group within a jurisdiction responsible for monitoring a monitoree."/>
      <exampleBoolean value="false"/>
    </resource>
    <resource>
      <extension url="http://hl7.org/fhir/tools/StructureDefinition/resource-information">
        <valueString value="StructureDefinition:extension"/>
      </extension>
      <reference>
        <reference value="StructureDefinition/case-status"/>
      </reference>
      <name value="Case Status"/>
      <description value="Represents if a monitoree meets a case definition (options are: `Confirmed`, `Probable`, `Suspect`, `Unknown`, and `Not a Case`)."/>
      <exampleBoolean value="false"/>
    </resource>
    <resource>
      <extension url="http://hl7.org/fhir/tools/StructureDefinition/resource-information">
        <valueString value="StructureDefinition:extension"/>
      </extension>
      <reference>
        <reference value="StructureDefinition/closed-at"/>
      </reference>
      <name value="Closed At"/>
      <description value="Represents the date and time that a monitoree was manually closed by a user or automatically closed by the system. This field is read-only."/>
      <exampleBoolean value="false"/>
    </resource>
    <resource>
      <extension url="http://hl7.org/fhir/tools/StructureDefinition/resource-information">
        <valueString value="StructureDefinition:extension"/>
      </extension>
      <reference>
        <reference value="StructureDefinition/comment"/>
      </reference>
      <name value="Comment"/>
      <description value="Represents the comment for a monitoree history item."/>
      <exampleBoolean value="false"/>
    </resource>
    <resource>
      <extension url="http://hl7.org/fhir/tools/StructureDefinition/resource-information">
        <valueString value="StructureDefinition:extension"/>
      </extension>
      <reference>
        <reference value="StructureDefinition/contact-attempts"/>
      </reference>
      <name value="Contact Attempts"/>
      <description value="Represents the number of times that a close contact of a monitoree has been contacted."/>
      <exampleBoolean value="false"/>
    </resource>
    <resource>
      <extension url="http://hl7.org/fhir/tools/StructureDefinition/resource-information">
        <valueString value="StructureDefinition:extension"/>
      </extension>
      <reference>
        <reference value="StructureDefinition/contact-of-known-case"/>
      </reference>
      <name value="Contact Of Known Case"/>
      <description value="Represents whether or not a monitoree has known exposure to a probable or confirmed case."/>
      <exampleBoolean value="false"/>
    </resource>
    <resource>
      <extension url="http://hl7.org/fhir/tools/StructureDefinition/resource-information">
        <valueString value="StructureDefinition:extension"/>
      </extension>
      <reference>
        <reference value="StructureDefinition/continuous-exposure"/>
      </reference>
      <name value="Continuous Exposure"/>
      <description value="Indicates if a monitoree&#39;s exposure to one or more cases is ongoing. This type of exposure means there is no known &#39;Last Date of Exposure&#39;"/>
      <exampleBoolean value="false"/>
    </resource>
    <resource>
      <extension url="http://hl7.org/fhir/tools/StructureDefinition/resource-information">
        <valueString value="StructureDefinition:extension"/>
      </extension>
      <reference>
        <reference value="StructureDefinition/created-at"/>
      </reference>
      <name value="Created At"/>
      <description value="This field represents the date and time that a resource was created in the system. This field is read-only."/>
      <exampleBoolean value="false"/>
    </resource>
    <resource>
      <extension url="http://hl7.org/fhir/tools/StructureDefinition/resource-information">
        <valueString value="StructureDefinition:extension"/>
      </extension>
      <reference>
        <reference value="StructureDefinition/crew-on-passenger-or-cargo-flight"/>
      </reference>
      <name value="Crew on Passenger or Cargo Flight"/>
      <description value="Represents whether or not a monitoree works on a passenger, cargo, or other commercial plane."/>
      <exampleBoolean value="false"/>
    </resource>
    <resource>
      <extension url="http://hl7.org/fhir/tools/StructureDefinition/resource-information">
        <valueString value="StructureDefinition:extension"/>
      </extension>
      <reference>
        <reference value="StructureDefinition/date-of-arrival"/>
      </reference>
      <name value="Date of Arrival"/>
      <description value="Represents when the monitoree entered the United States after travel."/>
      <exampleBoolean value="false"/>
    </resource>
    <resource>
      <extension url="http://hl7.org/fhir/tools/StructureDefinition/resource-information">
        <valueString value="StructureDefinition:extension"/>
      </extension>
      <reference>
        <reference value="StructureDefinition/date-of-departure"/>
      </reference>
      <name value="Date of Departure"/>
      <description value="Represents the date that the monitoree traveled from the Port of Origin to the United States."/>
      <exampleBoolean value="false"/>
    </resource>
    <resource>
      <extension url="http://hl7.org/fhir/tools/StructureDefinition/resource-information">
        <valueString value="StructureDefinition:extension"/>
      </extension>
      <reference>
        <reference value="StructureDefinition/end-of-monitoring"/>
      </reference>
      <name value="End of Monitoring"/>
      <description value="Represents the system calculated end of monitoring period. This field is read-only."/>
      <exampleBoolean value="false"/>
    </resource>
    <resource>
      <extension url="http://hl7.org/fhir/tools/StructureDefinition/resource-information">
        <valueString value="StructureDefinition:extension"/>
      </extension>
      <reference>
        <reference value="StructureDefinition/enrolled-patient"/>
      </reference>
      <name value="Enrolled Patient"/>
      <description value="References the monitoree that corresponds to the close contact, if such a monitoree exists."/>
      <exampleBoolean value="false"/>
    </resource>
    <resource>
      <extension url="http://hl7.org/fhir/tools/StructureDefinition/resource-information">
        <valueString value="StructureDefinition:extension"/>
      </extension>
      <reference>
        <reference value="StructureDefinition/expected-purge-date"/>
      </reference>
      <name value="Expected Purge Date"/>
      <description value="Represents the date and time that the monitoree&#39;s identifiers will be eligible to be purged from the system. This field is read-only."/>
      <exampleBoolean value="false"/>
    </resource>
    <resource>
      <extension url="http://hl7.org/fhir/tools/StructureDefinition/resource-information">
        <valueString value="StructureDefinition:extension"/>
      </extension>
      <reference>
        <reference value="StructureDefinition/exposure-notes"/>
      </reference>
      <name value="Exposure Notes"/>
      <description value="Represents any additional notes about the monitoree’s exposure history or case information history. This can include details about the interaction with a known case, high risk activities, common exposure, etc."/>
      <exampleBoolean value="false"/>
    </resource>
    <resource>
      <extension url="http://hl7.org/fhir/tools/StructureDefinition/resource-information">
        <valueString value="StructureDefinition:extension"/>
      </extension>
      <reference>
        <reference value="StructureDefinition/exposure-risk-assessment"/>
      </reference>
      <name value="Exposure Risk Assessment"/>
      <description value="Indicates the risk assessment of a a monitoree&#39;s exposure to disease (options are: `High`, `Medium`, `Low`, `No Identified Risk`)."/>
      <exampleBoolean value="false"/>
    </resource>
    <resource>
      <extension url="http://hl7.org/fhir/tools/StructureDefinition/resource-information">
        <valueString value="StructureDefinition:extension"/>
      </extension>
      <reference>
        <reference value="StructureDefinition/exposure-risk-factors"/>
      </reference>
      <name value="Exposure Risk Factors"/>
      <description value="Represents the exposure risk factors for the monitoree."/>
      <exampleBoolean value="false"/>
    </resource>
    <resource>
      <extension url="http://hl7.org/fhir/tools/StructureDefinition/resource-information">
        <valueString value="StructureDefinition:extension"/>
      </extension>
      <reference>
        <reference value="StructureDefinition/extended-isolation"/>
      </reference>
      <name value="Extended Isolation"/>
      <description value="Represents a user-defined date that determines eligibility for a monitoree appearing on the Records Requiring Review linelist."/>
      <exampleBoolean value="false"/>
    </resource>
    <resource>
      <extension url="http://hl7.org/fhir/tools/StructureDefinition/resource-information">
        <valueString value="StructureDefinition:extension"/>
      </extension>
      <reference>
        <reference value="StructureDefinition/flight-or-vessel-carrier"/>
      </reference>
      <name value="Flight or Vessel Carrier"/>
      <description value="Represents the carrier, operating company, or provider of the flight or vessel."/>
      <exampleBoolean value="false"/>
    </resource>
    <resource>
      <extension url="http://hl7.org/fhir/tools/StructureDefinition/resource-information">
        <valueString value="StructureDefinition:extension"/>
      </extension>
      <reference>
        <reference value="StructureDefinition/flight-or-vessel-number"/>
      </reference>
      <name value="Flight or Vessel Number"/>
      <description value="Represents the plane, train, ship, or other vessel that the monitoree used to travel to their destination."/>
      <exampleBoolean value="false"/>
    </resource>
    <resource>
      <extension url="http://hl7.org/fhir/tools/StructureDefinition/resource-information">
        <valueString value="StructureDefinition:extension"/>
      </extension>
      <reference>
        <reference value="StructureDefinition/follow-up-note"/>
      </reference>
      <name value="Follow-up Note"/>
      <description value="Specifies additional details for the follow-up reason on the monitoree."/>
      <exampleBoolean value="false"/>
    </resource>
    <resource>
      <extension url="http://hl7.org/fhir/tools/StructureDefinition/resource-information">
        <valueString value="StructureDefinition:extension"/>
      </extension>
      <reference>
        <reference value="StructureDefinition/follow-up-reason"/>
      </reference>
      <name value="Follow-up Reason"/>
      <description value="Specifies a reason to follow up on the monitoree (options are: `Deceased`, `Duplicate`, `High-Risk`, `Hospitalized`, `In Need of Follow-up`, `Lost to Follow-up`, `Needs Interpretation`, `Quality Assurance`, `Refused Active Monitoring`, and `Other`)."/>
      <exampleBoolean value="false"/>
    </resource>
    <resource>
      <extension url="http://hl7.org/fhir/tools/StructureDefinition/resource-information">
        <valueString value="StructureDefinition:extension"/>
      </extension>
      <reference>
        <reference value="StructureDefinition/full-assigned-jurisdiction-path"/>
      </reference>
      <name value="Full Assigned Jurisdiction Path"/>
      <description value="Represents the jurisdiction in which this monitoree is enrolled."/>
      <exampleBoolean value="false"/>
    </resource>
    <resource>
      <extension url="http://hl7.org/fhir/tools/StructureDefinition/resource-information">
        <valueString value="StructureDefinition:extension"/>
      </extension>
      <reference>
        <reference value="StructureDefinition/head-of-household"/>
      </reference>
      <name value="Head of Household"/>
      <description value="This field indicates if the monitoree is a head of household. This field is read-only."/>
      <exampleBoolean value="false"/>
    </resource>
    <resource>
      <extension url="http://hl7.org/fhir/tools/StructureDefinition/resource-information">
        <valueString value="StructureDefinition:extension"/>
      </extension>
      <reference>
        <reference value="StructureDefinition/healthcare-personnel"/>
      </reference>
      <name value="Healthcare Personnel"/>
      <description value="Represents whether or not a monitoree works in a healthcare facility."/>
      <exampleBoolean value="false"/>
    </resource>
    <resource>
      <extension url="http://hl7.org/fhir/tools/StructureDefinition/resource-information">
        <valueString value="StructureDefinition:extension"/>
      </extension>
      <reference>
        <reference value="StructureDefinition/history-type"/>
      </reference>
      <name value="History Type"/>
      <description value="Represents the history type for a monitoree history item."/>
      <exampleBoolean value="false"/>
    </resource>
    <resource>
      <extension url="http://hl7.org/fhir/tools/StructureDefinition/resource-information">
        <valueString value="StructureDefinition:extension"/>
      </extension>
      <reference>
        <reference value="StructureDefinition/id-of-reporter"/>
      </reference>
      <name value="ID of Reporter"/>
      <description value="Represents the ID of the monitoree that is responsible of reporting on a monitoree’s behalf. This field is read-only."/>
      <exampleBoolean value="false"/>
    </resource>
    <resource>
      <extension url="http://hl7.org/fhir/tools/StructureDefinition/resource-information">
        <valueString value="StructureDefinition:extension"/>
      </extension>
      <reference>
        <reference value="StructureDefinition/international-telephone"/>
      </reference>
      <name value="International Telephone"/>
      <description value="Indicates if a monitoree&#39;s telephone number is international. The extension only has meaning when used on the &#39;Patient.telecom&#39; element. If this extension is not present the telecom is assumed not to be international."/>
      <exampleBoolean value="false"/>
    </resource>
    <resource>
      <extension url="http://hl7.org/fhir/tools/StructureDefinition/resource-information">
        <valueString value="StructureDefinition:extension"/>
      </extension>
      <reference>
        <reference value="StructureDefinition/isolation"/>
      </reference>
      <name value="Isolation"/>
      <description value="If the monitoree should be in the isolation workflow (omitting this extension defaults this value to false, leaving the monitoree in the exposure workflow."/>
      <exampleBoolean value="false"/>
    </resource>
    <resource>
      <extension url="http://hl7.org/fhir/tools/StructureDefinition/resource-information">
        <valueString value="StructureDefinition:extension"/>
      </extension>
      <reference>
        <reference value="StructureDefinition/laboratory-personnel"/>
      </reference>
      <name value="Laboratory Personnel"/>
      <description value="Represents whether or not a monitoree works in a laboratory or testing facility."/>
      <exampleBoolean value="false"/>
    </resource>
    <resource>
      <extension url="http://hl7.org/fhir/tools/StructureDefinition/resource-information">
        <valueString value="StructureDefinition:extension"/>
      </extension>
      <reference>
        <reference value="StructureDefinition/last-assessment-reminder-sent"/>
      </reference>
      <name value="Last Assessment Reminder Sent"/>
      <description value="This field represents the date and time that a report reminder was last sent to a monitoree. This field is read-only."/>
      <exampleBoolean value="false"/>
    </resource>
    <resource>
      <extension url="http://hl7.org/fhir/tools/StructureDefinition/resource-information">
        <valueString value="StructureDefinition:extension"/>
      </extension>
      <reference>
        <reference value="StructureDefinition/last-date-of-exposure"/>
      </reference>
      <name value="Last Date of Exposure"/>
      <description value="When the monitoree`s last exposure occurred for use in the Sara Alert exposure workflow."/>
      <exampleBoolean value="false"/>
    </resource>
    <resource>
      <extension url="http://hl7.org/fhir/tools/StructureDefinition/resource-information">
        <valueString value="StructureDefinition:extension"/>
      </extension>
      <reference>
        <reference value="StructureDefinition/member-of-a-common-exposure-cohort"/>
      </reference>
      <name value="Member of a Common Exposure Cohort"/>
      <description value="Represents whether or not a monitoree was exposed via a common source or gathering."/>
      <exampleBoolean value="false"/>
    </resource>
    <resource>
      <extension url="http://hl7.org/fhir/tools/StructureDefinition/resource-information">
        <valueString value="StructureDefinition:extension"/>
      </extension>
      <reference>
        <reference value="StructureDefinition/monitoring-plan"/>
      </reference>
      <name value="Monitoring Plan"/>
      <description value="Represents the monitoring approach selected by public health based on CDC or local guidance (options are: `None`, `Daily active monitoring`, `Self-monitoring with public health supervision`, `Self-monitoring with delegated supervision`, `Self-observation`)."/>
      <exampleBoolean value="false"/>
    </resource>
    <resource>
      <extension url="http://hl7.org/fhir/tools/StructureDefinition/resource-information">
        <valueString value="StructureDefinition:extension"/>
      </extension>
      <reference>
        <reference value="StructureDefinition/notes"/>
      </reference>
      <name value="Notes"/>
      <description value="Represents general notes used to describe a close contact of a monitoree."/>
      <exampleBoolean value="false"/>
    </resource>
    <resource>
      <extension url="http://hl7.org/fhir/tools/StructureDefinition/resource-information">
        <valueString value="StructureDefinition:extension"/>
      </extension>
      <reference>
        <reference value="StructureDefinition/original-id"/>
      </reference>
      <name value="Original ID"/>
      <description value="Indicates the id of the original comment before any edits were made. This field is read-only."/>
      <exampleBoolean value="false"/>
    </resource>
    <resource>
      <extension url="http://hl7.org/fhir/tools/StructureDefinition/resource-information">
        <valueString value="StructureDefinition:extension"/>
      </extension>
      <reference>
        <reference value="StructureDefinition/paused-notifications"/>
      </reference>
      <name value="Paused Notifications"/>
      <description value="This field indicates if the monitoree has notifications paused. This field is read-only."/>
      <exampleBoolean value="false"/>
    </resource>
    <resource>
      <extension url="http://hl7.org/fhir/tools/StructureDefinition/resource-information">
        <valueString value="StructureDefinition:extension"/>
      </extension>
      <reference>
        <reference value="StructureDefinition/phone-type"/>
      </reference>
      <name value="Phone Type"/>
      <description value="Represents the type of phone attached to the phone number. This field can be used to determine a monitoree’s ability to receive SMS Texted Weblink, Telephone call, or SMS Text-message during the selection of Preferred Reporting Method (options are: `Smartphone`, `Landline`, `Plain Cell`)."/>
      <exampleBoolean value="false"/>
    </resource>
    <resource>
      <extension url="http://hl7.org/fhir/tools/StructureDefinition/resource-information">
        <valueString value="StructureDefinition:extension"/>
      </extension>
      <reference>
        <reference value="StructureDefinition/port-of-entry-into-usa"/>
      </reference>
      <name value="Port of Entry into USA"/>
      <description value="Represents the U.S. airport, station, or docking point that the monitoree traveled to in order to enter the United States."/>
      <exampleBoolean value="false"/>
    </resource>
    <resource>
      <extension url="http://hl7.org/fhir/tools/StructureDefinition/resource-information">
        <valueString value="StructureDefinition:extension"/>
      </extension>
      <reference>
        <reference value="StructureDefinition/port-of-origin"/>
      </reference>
      <name value="Port of Origin"/>
      <description value="Represents the airport, station, or docking point that the monitoree traveled from."/>
      <exampleBoolean value="false"/>
    </resource>
    <resource>
      <extension url="http://hl7.org/fhir/tools/StructureDefinition/resource-information">
        <valueString value="StructureDefinition:extension"/>
      </extension>
      <reference>
        <reference value="StructureDefinition/potential-exposure-country"/>
      </reference>
      <name value="Potential Exposure Country"/>
      <description value="Represents a description of the country where the monitoree was potentially last exposed to a case."/>
      <exampleBoolean value="false"/>
    </resource>
    <resource>
      <extension url="http://hl7.org/fhir/tools/StructureDefinition/resource-information">
        <valueString value="StructureDefinition:extension"/>
      </extension>
      <reference>
        <reference value="StructureDefinition/potential-exposure-location"/>
      </reference>
      <name value="Potential Exposure Location"/>
      <description value="Represents a description of the location where the monitoree was potentially last exposed to a case."/>
      <exampleBoolean value="false"/>
    </resource>
    <resource>
      <extension url="http://hl7.org/fhir/tools/StructureDefinition/resource-information">
        <valueString value="StructureDefinition:extension"/>
      </extension>
      <reference>
        <reference value="StructureDefinition/preferred-contact-method"/>
      </reference>
      <name value="Preferred Contact Method"/>
      <description value="Represents the form in which the monitoree receives their daily symptom reports (options are: `E-mailed Web Link`, `SMS Texted Weblink`, `Telephone call`, and `SMS Text-message`)."/>
      <exampleBoolean value="false"/>
    </resource>
    <resource>
      <extension url="http://hl7.org/fhir/tools/StructureDefinition/resource-information">
        <valueString value="StructureDefinition:extension"/>
      </extension>
      <reference>
        <reference value="StructureDefinition/preferred-contact-time"/>
      </reference>
      <name value="Preferred Contact Time"/>
      <description value="Represents the time period that the system sends out symptom reports to a monitoree (options are: `Morning`, `Afternoon`, `Evening`)."/>
      <exampleBoolean value="false"/>
    </resource>
    <resource>
      <extension url="http://hl7.org/fhir/tools/StructureDefinition/resource-information">
        <valueString value="StructureDefinition:extension"/>
      </extension>
      <reference>
        <reference value="StructureDefinition/public-health-action"/>
      </reference>
      <name value="Public Health Action"/>
      <description value="Indicates the public health recommendation for a monitoree (options are: `None`, `Recommended medical evaluation of symptoms`, `Document results of medical evaluation`, `Recommended laboratory testing`)."/>
      <exampleBoolean value="false"/>
    </resource>
    <resource>
      <extension url="http://hl7.org/fhir/tools/StructureDefinition/resource-information">
        <valueString value="StructureDefinition:extension"/>
      </extension>
      <reference>
        <reference value="StructureDefinition/reason-for-closure"/>
      </reference>
      <name value="Reason for Closure"/>
      <description value="Represents the reason a monitoree was closed by the user or system. This field is read-only."/>
      <exampleBoolean value="false"/>
    </resource>
    <resource>
      <extension url="http://hl7.org/fhir/tools/StructureDefinition/resource-information">
        <valueString value="StructureDefinition:extension"/>
      </extension>
      <reference>
        <reference value="StructureDefinition/sexual-orientation"/>
      </reference>
      <name value="Sexual Orientation"/>
      <description value="Represents how the monitoree characterizes their attraction to others."/>
      <exampleBoolean value="false"/>
    </resource>
    <resource>
      <extension url="http://hl7.org/fhir/tools/StructureDefinition/resource-information">
        <valueString value="StructureDefinition:extension"/>
      </extension>
      <reference>
        <reference value="StructureDefinition/source-of-report"/>
      </reference>
      <name value="Source Of Report"/>
      <description value="Represents where initial information about the monitoree’s exposure or illness was obtained from."/>
      <exampleBoolean value="false"/>
    </resource>
    <resource>
      <extension url="http://hl7.org/fhir/tools/StructureDefinition/resource-information">
        <valueString value="StructureDefinition:extension"/>
      </extension>
      <reference>
        <reference value="StructureDefinition/status"/>
      </reference>
      <name value="Status"/>
      <description value="For monitorees in the Exposure workflow, this field represents the line list, where the monitoree&#xA;is being monitored (options are: `asymptomatic`, `symptomatic`, `non reporting`, `under investigation = PUI`, and `closed`).&#xA;&#xA;For monitorees in the Isolation workflow, this field represents the monitoree’s preliminarily met&#xA;recovery definition. If the monitoree has not met a preliminary recovery definition,&#xA;then this field indicates the line list where the monitoree is being monitored&#xA;(options are: `symp non test based`, `asymp non test based`, `test based`, `reporting`, `non reporting`, and `closed`).&#xA;This field is read-only."/>
      <exampleBoolean value="false"/>
    </resource>
    <resource>
      <extension url="http://hl7.org/fhir/tools/StructureDefinition/resource-information">
        <valueString value="StructureDefinition:extension"/>
      </extension>
      <reference>
        <reference value="StructureDefinition/symptom-onset-date"/>
      </reference>
      <name value="Symptom Onset Date"/>
      <description value="When the monitoree`s first symptoms appeared for use in the Sara Alert isolation workflow."/>
      <exampleBoolean value="false"/>
    </resource>
    <resource>
      <extension url="http://hl7.org/fhir/tools/StructureDefinition/resource-information">
        <valueString value="StructureDefinition:extension"/>
      </extension>
      <reference>
        <reference value="StructureDefinition/symptomatic"/>
      </reference>
      <name value="Symptomatic"/>
      <description value="This field indicates if the monitoree has reported symptoms that need review by a public health user. This field is read-only."/>
      <exampleBoolean value="false"/>
    </resource>
    <resource>
      <extension url="http://hl7.org/fhir/tools/StructureDefinition/resource-information">
        <valueString value="StructureDefinition:extension"/>
      </extension>
      <reference>
        <reference value="StructureDefinition/transfer"/>
      </reference>
      <name value="Transfer"/>
      <description value="Represents a transfer event involving the monitoree. This field is read-only."/>
      <exampleBoolean value="false"/>
    </resource>
    <resource>
      <extension url="http://hl7.org/fhir/tools/StructureDefinition/resource-information">
        <valueString value="StructureDefinition:extension"/>
      </extension>
      <reference>
        <reference value="StructureDefinition/travel-from-affected-country-or-area"/>
      </reference>
      <name value="Travel From Affected Country or Area"/>
      <description value="Represents whether or not a monitoree traveled from a country or area with a high prevalence of disease within the exposure period."/>
      <exampleBoolean value="false"/>
    </resource>
    <resource>
      <extension url="http://hl7.org/fhir/tools/StructureDefinition/resource-information">
        <valueString value="StructureDefinition:extension"/>
      </extension>
      <reference>
        <reference value="StructureDefinition/travel-related-notes"/>
      </reference>
      <name value="Travel Related Notes"/>
      <description value="Represents any additional notes about the monitoree’s travel history. This can include details about the nature of the trip, contact with anyone symptomatic, original country departed from, etc."/>
      <exampleBoolean value="false"/>
    </resource>
    <resource>
      <extension url="http://hl7.org/fhir/tools/StructureDefinition/resource-information">
        <valueString value="StructureDefinition:extension"/>
      </extension>
      <reference>
        <reference value="StructureDefinition/user-defined-symptom-onset"/>
      </reference>
      <name value="User Defined Symptom Onset"/>
      <description value="This field indicates if a user manually defined symptom onset for the monitoree. This field is read-only."/>
      <exampleBoolean value="false"/>
    </resource>
    <resource>
      <extension url="http://hl7.org/fhir/tools/StructureDefinition/resource-information">
        <valueString value="StructureDefinition:extension"/>
      </extension>
      <reference>
        <reference value="StructureDefinition/was-in-health-care-facility-with-known-cases"/>
      </reference>
      <name value="Was in Health Care Facility with Known Cases"/>
      <description value="Represents whether or not a monitoree entered or was treated in a health care facility that had known cases."/>
      <exampleBoolean value="false"/>
    </resource>
    <resource>
      <extension url="http://hl7.org/fhir/tools/StructureDefinition/resource-information">
        <valueString value="StructureDefinition:extension"/>
      </extension>
      <reference>
        <reference value="StructureDefinition/who-reported"/>
      </reference>
      <name value="Who Reported"/>
      <description value="System assigned value for the monitoree or user that submitted a report. This field is read-only."/>
      <exampleBoolean value="false"/>
    </resource>
    <resource>
      <extension url="http://hl7.org/fhir/tools/StructureDefinition/resource-information">
        <valueString value="ValueSet"/>
      </extension>
      <reference>
        <reference value="ValueSet/covid-19-vaccines"/>
      </reference>
      <name value="COVID-19 Vaccines Value Set"/>
      <exampleBoolean value="false"/>
    </resource>
    <resource>
      <extension url="http://hl7.org/fhir/tools/StructureDefinition/resource-information">
        <valueString value="ValueSet"/>
      </extension>
      <reference>
        <reference value="ValueSet/SaraAlertLabResult"/>
      </reference>
      <name value="SaraAlertLabResult"/>
      <exampleBoolean value="false"/>
    </resource>
    <resource>
      <extension url="http://hl7.org/fhir/tools/StructureDefinition/resource-information">
        <valueString value="ValueSet"/>
      </extension>
      <reference>
        <reference value="ValueSet/SaraAlertLabType"/>
      </reference>
      <name value="SaraAlertLabType"/>
      <exampleBoolean value="false"/>
    </resource>
    <resource>
      <extension url="http://hl7.org/fhir/tools/StructureDefinition/resource-information">
        <valueString value="ValueSet"/>
      </extension>
      <reference>
        <reference value="ValueSet/SaraAlertLanguage"/>
      </reference>
      <name value="Sara Alert Language ValueSet"/>
      <description value="This ValueSet lists the allowed values for setting &quot;Primary Language&quot; and &quot;Secondary Language&quot;&#xA;in Sara Alert. Either the &quot;Code&quot; value or the &quot;Display&quot; value may be used. In cases where the 2-letter&#xA;ISO 639-1 code is listed, the corresponding 3-letter ISO 639-2 code may also be used."/>
      <exampleBoolean value="false"/>
    </resource>
    <resource>
      <extension url="http://hl7.org/fhir/tools/StructureDefinition/resource-information">
        <valueString value="ValueSet"/>
      </extension>
      <reference>
        <reference value="ValueSet/SaraAlertSexualOrientation"/>
      </reference>
      <name value="SaraAlertSexualOrientation"/>
      <exampleBoolean value="false"/>
    </resource>
    <page>
      <nameUrl value="toc.html"/>
      <title value="Table of Contents"/>
      <generation value="html"/>
      <page>
        <nameUrl value="index.html"/>
        <title value="Home"/>
        <generation value="markdown"/>
      </page>
    </page>
    <parameter>
      <code value="path-resource"/>
      <value value="input/capabilities"/>
    </parameter>
    <parameter>
      <code value="path-resource"/>
      <value value="input/examples"/>
    </parameter>
    <parameter>
      <code value="path-resource"/>
      <value value="input/extensions"/>
    </parameter>
    <parameter>
      <code value="path-resource"/>
      <value value="input/models"/>
    </parameter>
    <parameter>
      <code value="path-resource"/>
      <value value="input/operations"/>
    </parameter>
    <parameter>
      <code value="path-resource"/>
      <value value="input/profiles"/>
    </parameter>
    <parameter>
      <code value="path-resource"/>
      <value value="input/resources"/>
    </parameter>
    <parameter>
      <code value="path-resource"/>
      <value value="input/vocabulary"/>
    </parameter>
    <parameter>
      <code value="path-resource"/>
      <value value="input/maps"/>
    </parameter>
    <parameter>
      <code value="path-resource"/>
      <value value="input/testing"/>
    </parameter>
    <parameter>
      <code value="path-resource"/>
      <value value="input/history"/>
    </parameter>
    <parameter>
      <code value="path-resource"/>
      <value value="fsh-generated/resources"/>
    </parameter>
    <parameter>
      <code value="path-pages"/>
      <value value="template/config"/>
    </parameter>
    <parameter>
      <code value="path-pages"/>
      <value value="input/images"/>
    </parameter>
    <parameter>
      <code value="path-tx-cache"/>
      <value value="input-cache/txcache"/>
    </parameter>
  </definition>
</ImplementationGuide>