{
  "package": "saraalert-fhir",
  "version": "1.0.0",
  "fhirVersion": "4.0.1",
  "extensions": [
    {
      "url": "http://saraalert.org/StructureDefinition/isolation",
      "title": "Isolation",
      "types": [
        "boolean"
      ]
    },
    {
      "url": "http://saraalert.org/StructureDefinition/last-exposure-date",
      "title": "Last Exposure Date",
      "types": [
        "date"
      ]
    },
    {
      "url": "http://saraalert.org/StructureDefinition/preferred-contact-method",
      "title": "Preferred Contact Method",
      "types": [
        "string"
      ]
    },
    {
      "url": "http://saraalert.org/StructureDefinition/symptom-onset-date",
      "title": "Symptom Onset Date",
      "types": [
        "date"
      ]
    }
  ],
  "profiles": {
    "Observation": [
      {
        "url": "http://saraalert.org/StructureDefinition/sara-alert-observation",
        "title": "Sara Alert Observation Profile"
      }
    ],
    "Patient": [
      {
        "url": "http://saraalert.org/StructureDefinition/sara-alert-patient",
        "title": "Sara Alert Patient Profile"
      }
    ],
    "QuestionnaireResponse": [
      {
        "url": "http://saraalert.org/StructureDefinition/sara-alert-questionnaire-response",
        "title": "Sara Alert QuestionnaireResponse Profile"
      }
    ]
  },
  "usage": {
    "http://hl7.org/fhir/StructureDefinition/elementdefinition-bestpractice": [
      "StructureDefinition.snapshot.element.constraint"
    ],
    "http://hl7.org/fhir/StructureDefinition/elementdefinition-bestpractice-explanation": [
      "StructureDefinition.snapshot.element.constraint"
    ],
    "http://hl7.org/fhir/StructureDefinition/elementdefinition-bindingName": [
      "StructureDefinition.snapshot.element.binding"
    ],
    "http://hl7.org/fhir/StructureDefinition/elementdefinition-isCommonBinding": [
      "StructureDefinition.snapshot.element.binding"
    ],
    "http://hl7.org/fhir/StructureDefinition/elementdefinition-maxValueSet": [
      "StructureDefinition.snapshot.element.binding"
    ],
    "http://hl7.org/fhir/StructureDefinition/structuredefinition-display-hint": [
      "StructureDefinition.snapshot.element"
    ],
    "http://hl7.org/fhir/StructureDefinition/structuredefinition-explicit-type-name": [
      "StructureDefinition.snapshot.element"
    ],
    "http://hl7.org/fhir/StructureDefinition/structuredefinition-fhir-type": [
      "StructureDefinition.snapshot.element.type"
    ],
    "http://hl7.org/fhir/StructureDefinition/structuredefinition-hierarchy": [
      "StructureDefinition.snapshot.element.type"
    ],
    "http://hl7.org/fhir/StructureDefinition/structuredefinition-standards-status": [
      "StructureDefinition.snapshot.element"
    ],
    "http://hl7.org/fhir/tools/StructureDefinition/ig-parameter": [
      "ImplementationGuide.definition"
    ],
    "http://hl7.org/fhir/tools/StructureDefinition/resource-information": [
      "ImplementationGuide.definition.resource"
    ],
    "http://hl7.org/fhir/us/core/StructureDefinition/us-core-birthsex": [
      "Patient"
    ],
    "http://hl7.org/fhir/us/core/StructureDefinition/us-core-ethnicity": [
      "Patient"
    ],
    "http://hl7.org/fhir/us/core/StructureDefinition/us-core-race": [
      "Patient"
    ],
    "http://saraalert.org/StructureDefinition/isolation": [
      "Patient"
    ],
    "http://saraalert.org/StructureDefinition/last-exposure-date": [
      "Patient"
    ],
    "http://saraalert.org/StructureDefinition/preferred-contact-method": [
      "Patient"
    ],
    "http://saraalert.org/StructureDefinition/symptom-onset-date": [
      "Patient"
    ]
  }
}