{
  "package": "saraalert-fhir",
  "version": "1.0.0",
  "fhirVersion": "4.0.1",
  "extensions": [
    {
      "url": "http://saraalert.org/StructureDefinition/additional-planned-travel-notes",
      "title": "Additional Planned Travel Notes",
      "types": [
        "string"
      ]
    },
    {
      "url": "http://saraalert.org/StructureDefinition/additional-planned-travel-start-date",
      "title": "Additional Planned Travel Start Date",
      "types": [
        "date"
      ]
    },
    {
      "url": "http://saraalert.org/StructureDefinition/address-type",
      "title": "Address Type",
      "types": [
        "string"
      ]
    },
    {
      "url": "http://saraalert.org/StructureDefinition/assigned-user",
      "title": "Assigned User",
      "types": [
        "positiveInt"
      ]
    },
    {
      "url": "http://saraalert.org/StructureDefinition/contact-attempts",
      "title": "Contact Attempts",
      "types": [
        "unsignedInt"
      ]
    },
    {
      "url": "http://saraalert.org/StructureDefinition/continuous-exposure",
      "title": "Continuous Exposure",
      "types": [
        "boolean"
      ]
    },
    {
      "url": "http://saraalert.org/StructureDefinition/date-of-arrival",
      "title": "Date of Arrival",
      "types": [
        "date"
      ]
    },
    {
      "url": "http://saraalert.org/StructureDefinition/date-of-departure",
      "title": "Date of Departure",
      "types": [
        "date"
      ]
    },
    {
      "url": "http://saraalert.org/StructureDefinition/enrolled-patient",
      "title": "Enrolled Patient",
      "types": [
        "Reference",
        "Reference",
        "string",
        "Extension",
        "string",
        "uri",
        "Identifier",
        "string"
      ]
    },
    {
      "url": "http://saraalert.org/StructureDefinition/exposure-notes",
      "title": "Exposure Notes",
      "types": [
        "string"
      ]
    },
    {
      "url": "http://saraalert.org/StructureDefinition/flight-or-vessel-carrier",
      "title": "Flight or Vessel Carrier",
      "types": [
        "string"
      ]
    },
    {
      "url": "http://saraalert.org/StructureDefinition/flight-or-vessel-number",
      "title": "Flight or Vessel Number",
      "types": [
        "string"
      ]
    },
    {
      "url": "http://saraalert.org/StructureDefinition/full-assigned-jurisdiction-path",
      "title": "Full Assigned Jurisdiction Path",
      "types": [
        "string"
      ]
    },
    {
      "url": "http://saraalert.org/StructureDefinition/isolation",
      "title": "Isolation",
      "types": [
        "boolean"
      ]
    },
    {
      "url": "http://saraalert.org/StructureDefinition/last-date-of-exposure",
      "title": "Last Date of Exposure",
      "types": [
        "date"
      ]
    },
    {
      "url": "http://saraalert.org/StructureDefinition/monitoring-plan",
      "title": "Monitoring Plan",
      "types": [
        "string"
      ]
    },
    {
      "url": "http://saraalert.org/StructureDefinition/notes",
      "title": "Notes",
      "types": [
        "string"
      ]
    },
    {
      "url": "http://saraalert.org/StructureDefinition/phone-type",
      "title": "Phone Type",
      "types": [
        "string"
      ]
    },
    {
      "url": "http://saraalert.org/StructureDefinition/port-of-origin",
      "title": "Port of Origin",
      "types": [
        "string"
      ]
    },
    {
      "url": "http://saraalert.org/StructureDefinition/preferred-contact-method",
      "title": "Preferred Contact Method",
      "types": [
        "string"
      ]
    },
    {
      "url": "http://saraalert.org/StructureDefinition/preferred-contact-time",
      "title": "Preferred Contact Time",
      "types": [
        "string"
      ]
    },
    {
      "url": "http://saraalert.org/StructureDefinition/symptom-onset-date",
      "title": "Symptom Onset Date",
      "types": [
        "date"
      ]
    },
    {
      "url": "http://saraalert.org/StructureDefinition/travel-related-notes",
      "title": "Travel Related Notes",
      "types": [
        "string"
      ]
    }
  ],
  "profiles": {
    "Observation": [
      {
        "url": "http://saraalert.org/StructureDefinition/sara-alert-observation",
        "title": "Sara Alert Observation Profile"
      }
    ],
    "Patient": [
      {
        "url": "http://saraalert.org/StructureDefinition/sara-alert-patient",
        "title": "Sara Alert Patient Profile"
      }
    ],
    "QuestionnaireResponse": [
      {
        "url": "http://saraalert.org/StructureDefinition/sara-alert-questionnaire-response",
        "title": "Sara Alert QuestionnaireResponse Profile"
      }
    ],
    "RelatedPerson": [
      {
        "url": "http://saraalert.org/StructureDefinition/sara-alert-related-person",
        "title": "Sara Alert RelatedPerson Profile"
      }
    ]
  },
  "usage": {
    "http://hl7.org/fhir/StructureDefinition/elementdefinition-bestpractice": [
      "StructureDefinition.snapshot.element.constraint"
    ],
    "http://hl7.org/fhir/StructureDefinition/elementdefinition-bestpractice-explanation": [
      "StructureDefinition.snapshot.element.constraint"
    ],
    "http://hl7.org/fhir/StructureDefinition/elementdefinition-bindingName": [
      "StructureDefinition.snapshot.element.binding"
    ],
    "http://hl7.org/fhir/StructureDefinition/elementdefinition-isCommonBinding": [
      "StructureDefinition.snapshot.element.binding"
    ],
    "http://hl7.org/fhir/StructureDefinition/elementdefinition-maxValueSet": [
      "StructureDefinition.snapshot.element.binding"
    ],
    "http://hl7.org/fhir/StructureDefinition/elementdefinition-translatable": [
      "StructureDefinition.snapshot.element"
    ],
    "http://hl7.org/fhir/StructureDefinition/structuredefinition-category": [
      "StructureDefinition"
    ],
    "http://hl7.org/fhir/StructureDefinition/structuredefinition-display-hint": [
      "StructureDefinition.snapshot.element"
    ],
    "http://hl7.org/fhir/StructureDefinition/structuredefinition-explicit-type-name": [
      "StructureDefinition.snapshot.element"
    ],
    "http://hl7.org/fhir/StructureDefinition/structuredefinition-fhir-type": [
      "StructureDefinition.snapshot.element.type"
    ],
    "http://hl7.org/fhir/StructureDefinition/structuredefinition-hierarchy": [
      "StructureDefinition.snapshot.element.type"
    ],
    "http://hl7.org/fhir/StructureDefinition/structuredefinition-security-category": [
      "StructureDefinition"
    ],
    "http://hl7.org/fhir/StructureDefinition/structuredefinition-standards-status": [
      "StructureDefinition.snapshot.element"
    ],
    "http://hl7.org/fhir/tools/StructureDefinition/ig-parameter": [
      "ImplementationGuide.definition"
    ],
    "http://hl7.org/fhir/tools/StructureDefinition/resource-information": [
      "ImplementationGuide.definition.resource"
    ],
    "http://hl7.org/fhir/us/core/StructureDefinition/us-core-birthsex": [
      "Patient"
    ],
    "http://hl7.org/fhir/us/core/StructureDefinition/us-core-ethnicity": [
      "Patient"
    ],
    "http://hl7.org/fhir/us/core/StructureDefinition/us-core-race": [
      "Patient"
    ],
    "http://saraalert.org/StructureDefinition/additional-planned-travel-notes": [
      "Patient"
    ],
    "http://saraalert.org/StructureDefinition/additional-planned-travel-start-date": [
      "Patient"
    ],
    "http://saraalert.org/StructureDefinition/address-type": [
      "Patient.address"
    ],
    "http://saraalert.org/StructureDefinition/assigned-user": [
      "Patient",
      "RelatedPerson"
    ],
    "http://saraalert.org/StructureDefinition/contact-attempts": [
      "RelatedPerson"
    ],
    "http://saraalert.org/StructureDefinition/continuous-exposure": [
      "Patient"
    ],
    "http://saraalert.org/StructureDefinition/date-of-arrival": [
      "Patient"
    ],
    "http://saraalert.org/StructureDefinition/date-of-departure": [
      "Patient"
    ],
    "http://saraalert.org/StructureDefinition/enrolled-patient": [
      "RelatedPerson"
    ],
    "http://saraalert.org/StructureDefinition/exposure-notes": [
      "Patient"
    ],
    "http://saraalert.org/StructureDefinition/flight-or-vessel-carrier": [
      "Patient"
    ],
    "http://saraalert.org/StructureDefinition/flight-or-vessel-number": [
      "Patient"
    ],
    "http://saraalert.org/StructureDefinition/full-assigned-jurisdiction-path": [
      "Patient"
    ],
    "http://saraalert.org/StructureDefinition/isolation": [
      "Patient"
    ],
    "http://saraalert.org/StructureDefinition/last-date-of-exposure": [
      "Patient",
      "RelatedPerson"
    ],
    "http://saraalert.org/StructureDefinition/monitoring-plan": [
      "Patient"
    ],
    "http://saraalert.org/StructureDefinition/notes": [
      "RelatedPerson"
    ],
    "http://saraalert.org/StructureDefinition/phone-type": [
      "Patient.telecom"
    ],
    "http://saraalert.org/StructureDefinition/port-of-origin": [
      "Patient"
    ],
    "http://saraalert.org/StructureDefinition/preferred-contact-method": [
      "Patient"
    ],
    "http://saraalert.org/StructureDefinition/preferred-contact-time": [
      "Patient"
    ],
    "http://saraalert.org/StructureDefinition/symptom-onset-date": [
      "Patient"
    ],
    "http://saraalert.org/StructureDefinition/travel-related-notes": [
      "Patient"
    ]
  }
}