{
  "resourceType": "ValueSet",
  "id": "SaraAlertSexualOrientation",
  "text": {
    "status": "extensions",
    "div": "<div xmlns=\"http://www.w3.org/1999/xhtml\"><p>This value set includes codes based on the following rules:</p><ul><li>Include these codes as defined in <a href=\"http://www.snomed.org/\"><code>http://snomed.info/sct</code></a><table class=\"none\"><tr><td style=\"white-space:nowrap\"><b>Code</b></td><td><b>Display</b></td></tr><tr><td><a href=\"http://browser.ihtsdotools.org/?perspective=full&amp;conceptId1=38628009\">38628009</a></td><td>Homosexuality</td></tr><tr><td><a href=\"http://browser.ihtsdotools.org/?perspective=full&amp;conceptId1=20430005\">20430005</a></td><td>Heterosexual state</td></tr><tr><td><a href=\"http://browser.ihtsdotools.org/?perspective=full&amp;conceptId1=42035005\">42035005</a></td><td>Bisexual state</td></tr></table></li><li>Include these codes as defined in <a href=\"http://terminology.hl7.org/2.1.0/CodeSystem-v3-NullFlavor.html\"><code>http://terminology.hl7.org/CodeSystem/v3-NullFlavor</code></a><table class=\"none\"><tr><td style=\"white-space:nowrap\"><b>Code</b></td><td><b>Display</b></td><td><b>Definition</b></td></tr><tr><td><a href=\"http://terminology.hl7.org/2.1.0/CodeSystem-v3-NullFlavor.html#v3-NullFlavor-OTH\">OTH</a></td><td>other</td><td>**Description:**The actual value is not a member of the set of permitted data values in the constrained value domain of a variable. (e.g., concept not provided by required code system).<br/><br/>**Usage Notes**: This flavor and its specializations are most commonly used with the CD datatype and its flavors. However, it may apply to \\*any\\* datatype where the constraints of the type are tighter than can be conveyed. For example, a PQ that is for a true measured amount whose units are not supported in UCUM, a need to convey a REAL when the type has been constrained to INT, etc.<br/><br/>With coded datatypes, this null flavor may only be used if the vocabulary binding has a coding strength of CNE. By definition, all local codes and original text are part of the value set if the coding strength is CWE.</td></tr><tr><td><a href=\"http://terminology.hl7.org/2.1.0/CodeSystem-v3-NullFlavor.html#v3-NullFlavor-UNK\">UNK</a></td><td>unknown</td><td>**Description:**A proper value is applicable, but not known.<br/><br/>**Usage Notes**: This means the actual value is not known. If the only thing that is unknown is how to properly express the value in the necessary constraints (value set, datatype, etc.), then the OTH or UNC flavor should be used. No properties should be included for a datatype with this property unless:<br/><br/>1.  Those properties themselves directly translate to a semantic of &quot;unknown&quot;. (E.g. a local code sent as a translation that conveys 'unknown')<br/>2.  Those properties further qualify the nature of what is unknown. (E.g. specifying a use code of &quot;H&quot; and a URL prefix of &quot;tel:&quot; to convey that it is the home phone number that is unknown.)</td></tr><tr><td><a href=\"http://terminology.hl7.org/2.1.0/CodeSystem-v3-NullFlavor.html#v3-NullFlavor-ASKU\">ASKU</a></td><td>asked but unknown</td><td>Information was sought but not found (e.g., patient was asked but didn't know)</td></tr></table></li></ul></div>"
  },
  "url": "http://saraalert.org/ValueSet/SaraAlertSexualOrientation",
  "version": "1.0.0",
  "name": "SaraAlertSexualOrientation",
  "status": "active",
  "date": "2021-12-01T10:26:21-05:00",
  "publisher": "The MITRE Corporation",
  "contact": [
    {
      "name": "The MITRE Corporation",
      "telecom": [
        {
          "system": "url",
          "value": "http://www.mitre.org"
        }
      ]
    }
  ],
  "compose": {
    "include": [
      {
        "system": "http://snomed.info/sct",
        "concept": [
          {
            "code": "38628009"
          },
          {
            "code": "20430005"
          },
          {
            "code": "42035005"
          }
        ]
      },
      {
        "system": "http://terminology.hl7.org/CodeSystem/v3-NullFlavor",
        "concept": [
          {
            "code": "OTH"
          },
          {
            "code": "UNK"
          },
          {
            "code": "ASKU"
          }
        ]
      }
    ]
  }
}