{"resourceType":"ImplementationGuide","id":"saraalert-fhir","text":{"status":"extensions","div":"<div xmlns=\"http://www.w3.org/1999/xhtml\"><h2>SaraAlert</h2><p>The official URL for this implementation guide is: </p><pre>http://saraalert.org/ImplementationGuide/saraalert-fhir</pre></div>"},"url":"http://saraalert.org/ImplementationGuide/saraalert-fhir","version":"1.0.0","name":"SaraAlert","status":"active","date":"2020-11-10T10:17:16-05:00","publisher":"The MITRE Corporation","contact":[{"name":"The MITRE Corporation","telecom":[{"system":"url","value":"http://www.mitre.org"}]}],"packageId":"saraalert-fhir","license":"CC0-1.0","fhirVersion":["4.0.1"],"dependsOn":[{"id":"hl7_fhir_us_core","uri":"http://hl7.org/fhir/us/core/ImplementationGuide/hl7.fhir.us.core","packageId":"hl7.fhir.us.core","version":"3.1.0"}],"definition":{"extension":[{"extension":[{"url":"code","valueString":"copyrightyear"},{"url":"value","valueString":"2020+"}],"url":"http://hl7.org/fhir/tools/StructureDefinition/ig-parameter"},{"extension":[{"url":"code","valueString":"releaselabel"},{"url":"value","valueString":"Build CI"}],"url":"http://hl7.org/fhir/tools/StructureDefinition/ig-parameter"},{"extension":[{"url":"code","valueString":"apply-contact"},{"url":"value","valueString":"true"}],"url":"http://hl7.org/fhir/tools/StructureDefinition/ig-parameter"},{"extension":[{"url":"code","valueString":"apply-jurisdiction"},{"url":"value","valueString":"false"}],"url":"http://hl7.org/fhir/tools/StructureDefinition/ig-parameter"},{"extension":[{"url":"code","valueString":"apply-publisher"},{"url":"value","valueString":"true"}],"url":"http://hl7.org/fhir/tools/StructureDefinition/ig-parameter"},{"extension":[{"url":"code","valueString":"autoload-resources"},{"url":"value","valueString":"true"}],"url":"http://hl7.org/fhir/tools/StructureDefinition/ig-parameter"},{"extension":[{"url":"code","valueString":"path-qa"},{"url":"value","valueString":"temp/qa"}],"url":"http://hl7.org/fhir/tools/StructureDefinition/ig-parameter"},{"extension":[{"url":"code","valueString":"path-temp"},{"url":"value","valueString":"temp/pages"}],"url":"http://hl7.org/fhir/tools/StructureDefinition/ig-parameter"},{"extension":[{"url":"code","valueString":"path-output"},{"url":"value","valueString":"output"}],"url":"http://hl7.org/fhir/tools/StructureDefinition/ig-parameter"},{"extension":[{"url":"code","valueString":"path-suppressed-warnings"},{"url":"value","valueString":"input/ignoreWarnings.txt"}],"url":"http://hl7.org/fhir/tools/StructureDefinition/ig-parameter"},{"extension":[{"url":"code","valueString":"template-html"},{"url":"value","valueString":"template-page.html"}],"url":"http://hl7.org/fhir/tools/StructureDefinition/ig-parameter"},{"extension":[{"url":"code","valueString":"template-md"},{"url":"value","valueString":"template-page-md.html"}],"url":"http://hl7.org/fhir/tools/StructureDefinition/ig-parameter"},{"extension":[{"url":"code","valueString":"apply-context"},{"url":"value","valueString":"true"}],"url":"http://hl7.org/fhir/tools/StructureDefinition/ig-parameter"},{"extension":[{"url":"code","valueString":"apply-copyright"},{"url":"value","valueString":"true"}],"url":"http://hl7.org/fhir/tools/StructureDefinition/ig-parameter"},{"extension":[{"url":"code","valueString":"apply-license"},{"url":"value","valueString":"true"}],"url":"http://hl7.org/fhir/tools/StructureDefinition/ig-parameter"},{"extension":[{"url":"code","valueString":"apply-version"},{"url":"value","valueString":"true"}],"url":"http://hl7.org/fhir/tools/StructureDefinition/ig-parameter"},{"extension":[{"url":"code","valueString":"active-tables"},{"url":"value","valueString":"true"}],"url":"http://hl7.org/fhir/tools/StructureDefinition/ig-parameter"}],"grouping":[{"id":"_str_profile","name":"Structures: Resource Profiles","description":"These define constraints on FHIR resources that need to be complied with by conformant implementations"},{"id":"_str_extension","name":"Structures: Extension Definitions","description":"These define constraints on FHIR data types that need to be complied with by conformant implementations"}],"resource":[{"extension":[{"url":"http://hl7.org/fhir/StructureDefinition/implementationguide-page","valueUri":"StructureDefinition-sara-alert-observation.html"}],"reference":{"reference":"StructureDefinition/sara-alert-observation"},"name":"Sara Alert Observation Profile","description":"The Sara Alert Observation profile represents a monitoree lab result.","exampleBoolean":false,"groupingId":"_str_profile"},{"extension":[{"url":"http://hl7.org/fhir/StructureDefinition/implementationguide-page","valueUri":"StructureDefinition-sara-alert-patient.html"}],"reference":{"reference":"StructureDefinition/sara-alert-patient"},"name":"Sara Alert Patient Profile","description":"Sara Alert outputs additional extensions on Patient resources","exampleBoolean":false,"groupingId":"_str_profile"},{"extension":[{"url":"http://hl7.org/fhir/StructureDefinition/implementationguide-page","valueUri":"StructureDefinition-sara-alert-questionnaire-response.html"}],"reference":{"reference":"StructureDefinition/sara-alert-questionnaire-response"},"name":"Sara Alert QuestionnaireResponse Profile","description":"The Sara Alert QuestionnaireResponse profile represents a monitoree daily report.","exampleBoolean":false,"groupingId":"_str_profile"},{"extension":[{"url":"http://hl7.org/fhir/StructureDefinition/implementationguide-page","valueUri":"StructureDefinition-full-assigned-jurisdiction-path.html"}],"reference":{"reference":"StructureDefinition/full-assigned-jurisdiction-path"},"name":"Full Assigned Jurisdiction Path","description":"Represents the jurisdiction in which this monitoree is enrolled.","exampleBoolean":false,"groupingId":"_str_extension"},{"extension":[{"url":"http://hl7.org/fhir/StructureDefinition/implementationguide-page","valueUri":"StructureDefinition-isolation.html"}],"reference":{"reference":"StructureDefinition/isolation"},"name":"Isolation","description":"If the monitoree should be in the isolation workflow (omitting this extension defaults this value to false, leaving the monitoree in the exposure workflow.","exampleBoolean":false,"groupingId":"_str_extension"},{"extension":[{"url":"http://hl7.org/fhir/StructureDefinition/implementationguide-page","valueUri":"StructureDefinition-last-exposure-date.html"}],"reference":{"reference":"StructureDefinition/last-exposure-date"},"name":"Last Exposure Date","description":"When the monitoree's last exposure occurred for use in the Sara Alert exposure workflow.","exampleBoolean":false,"groupingId":"_str_extension"},{"extension":[{"url":"http://hl7.org/fhir/StructureDefinition/implementationguide-page","valueUri":"StructureDefinition-preferred-contact-method.html"}],"reference":{"reference":"StructureDefinition/preferred-contact-method"},"name":"Preferred Contact Method","description":"The monitorees Sara Alert preferred contact method (options are: `E-mailed Web Link`, `SMS Texted Weblink`, `Telephone call`, and `SMS Text-message`).","exampleBoolean":false,"groupingId":"_str_extension"},{"extension":[{"url":"http://hl7.org/fhir/StructureDefinition/implementationguide-page","valueUri":"StructureDefinition-preferred-contact-time.html"}],"reference":{"reference":"StructureDefinition/preferred-contact-time"},"name":"Preferred Contact Time","description":"The monitorees Sara Alert preferred contact time (options are: `Morning`, `Afternoon`, `Evening`).","exampleBoolean":false,"groupingId":"_str_extension"},{"extension":[{"url":"http://hl7.org/fhir/StructureDefinition/implementationguide-page","valueUri":"StructureDefinition-symptom-onset-date.html"}],"reference":{"reference":"StructureDefinition/symptom-onset-date"},"name":"Symptom Onset Date","description":"When the monitoree's first symptoms appeared for use in the Sara Alert isolation workflow.","exampleBoolean":false,"groupingId":"_str_extension"}],"page":{"nameUrl":"toc.html","title":"Table of Contents","generation":"html","page":[{"nameUrl":"index.html","title":"Home","generation":"markdown"},{"nameUrl":"artifacts.html","title":"Artifacts Summary","generation":"html","page":[{"nameUrl":"StructureDefinition-sara-alert-observation.html","title":"Sara Alert Observation Profile","generation":"generated"},{"nameUrl":"StructureDefinition-sara-alert-patient.html","title":"Sara Alert Patient Profile","generation":"generated"},{"nameUrl":"StructureDefinition-sara-alert-questionnaire-response.html","title":"Sara Alert QuestionnaireResponse Profile","generation":"generated"},{"nameUrl":"StructureDefinition-full-assigned-jurisdiction-path.html","title":"Full Assigned Jurisdiction Path","generation":"generated"},{"nameUrl":"StructureDefinition-isolation.html","title":"Isolation","generation":"generated"},{"nameUrl":"StructureDefinition-last-exposure-date.html","title":"Last Exposure Date","generation":"generated"},{"nameUrl":"StructureDefinition-preferred-contact-method.html","title":"Preferred Contact Method","generation":"generated"},{"nameUrl":"StructureDefinition-preferred-contact-time.html","title":"Preferred Contact Time","generation":"generated"},{"nameUrl":"StructureDefinition-symptom-onset-date.html","title":"Symptom Onset Date","generation":"generated"}]}]},"parameter":[{"code":"path-resource","value":"input/capabilities"},{"code":"path-resource","value":"input/examples"},{"code":"path-resource","value":"input/extensions"},{"code":"path-resource","value":"input/models"},{"code":"path-resource","value":"input/operations"},{"code":"path-resource","value":"input/profiles"},{"code":"path-resource","value":"input/resources"},{"code":"path-resource","value":"input/vocabulary"},{"code":"path-pages","value":"template/config"},{"code":"path-pages","value":"input/images"},{"code":"path-tx-cache","value":"input-cache/txcache"}]}}