{"resourceType":"ImplementationGuide","id":"saraalert-fhir","text":{"status":"extensions","div":"<div xmlns=\"http://www.w3.org/1999/xhtml\"><h2>SaraAlert</h2><p>The official URL for this implementation guide is: </p><pre>http://saraalert.org/ImplementationGuide/saraalert-fhir</pre></div>"},"url":"http://saraalert.org/ImplementationGuide/saraalert-fhir","version":"1.0.0","name":"SaraAlert","status":"active","date":"2021-12-01T10:26:21-05:00","publisher":"The MITRE Corporation","contact":[{"name":"The MITRE Corporation","telecom":[{"system":"url","value":"http://www.mitre.org"}]}],"packageId":"saraalert-fhir","license":"CC0-1.0","fhirVersion":["4.0.1"],"dependsOn":[{"id":"hl7_fhir_us_core","uri":"http://hl7.org/fhir/us/core/ImplementationGuide/hl7.fhir.us.core","packageId":"hl7.fhir.us.core","version":"3.1.0"}],"definition":{"extension":[{"extension":[{"url":"code","valueString":"copyrightyear"},{"url":"value","valueString":"2020+"}],"url":"http://hl7.org/fhir/tools/StructureDefinition/ig-parameter"},{"extension":[{"url":"code","valueString":"releaselabel"},{"url":"value","valueString":"Build CI"}],"url":"http://hl7.org/fhir/tools/StructureDefinition/ig-parameter"},{"extension":[{"url":"code","valueString":"apply-contact"},{"url":"value","valueString":"true"}],"url":"http://hl7.org/fhir/tools/StructureDefinition/ig-parameter"},{"extension":[{"url":"code","valueString":"apply-jurisdiction"},{"url":"value","valueString":"false"}],"url":"http://hl7.org/fhir/tools/StructureDefinition/ig-parameter"},{"extension":[{"url":"code","valueString":"apply-publisher"},{"url":"value","valueString":"true"}],"url":"http://hl7.org/fhir/tools/StructureDefinition/ig-parameter"},{"extension":[{"url":"code","valueString":"autoload-resources"},{"url":"value","valueString":"true"}],"url":"http://hl7.org/fhir/tools/StructureDefinition/ig-parameter"},{"extension":[{"url":"code","valueString":"path-liquid"},{"url":"value","valueString":"template/liquid"}],"url":"http://hl7.org/fhir/tools/StructureDefinition/ig-parameter"},{"extension":[{"url":"code","valueString":"path-liquid"},{"url":"value","valueString":"input/liquid"}],"url":"http://hl7.org/fhir/tools/StructureDefinition/ig-parameter"},{"extension":[{"url":"code","valueString":"path-qa"},{"url":"value","valueString":"temp/qa"}],"url":"http://hl7.org/fhir/tools/StructureDefinition/ig-parameter"},{"extension":[{"url":"code","valueString":"path-temp"},{"url":"value","valueString":"temp/pages"}],"url":"http://hl7.org/fhir/tools/StructureDefinition/ig-parameter"},{"extension":[{"url":"code","valueString":"path-output"},{"url":"value","valueString":"output"}],"url":"http://hl7.org/fhir/tools/StructureDefinition/ig-parameter"},{"extension":[{"url":"code","valueString":"path-suppressed-warnings"},{"url":"value","valueString":"input/ignoreWarnings.txt"}],"url":"http://hl7.org/fhir/tools/StructureDefinition/ig-parameter"},{"extension":[{"url":"code","valueString":"path-history"},{"url":"value","valueString":"http://saraalert.org/history.html"}],"url":"http://hl7.org/fhir/tools/StructureDefinition/ig-parameter"},{"extension":[{"url":"code","valueString":"template-html"},{"url":"value","valueString":"template-page.html"}],"url":"http://hl7.org/fhir/tools/StructureDefinition/ig-parameter"},{"extension":[{"url":"code","valueString":"template-md"},{"url":"value","valueString":"template-page-md.html"}],"url":"http://hl7.org/fhir/tools/StructureDefinition/ig-parameter"},{"extension":[{"url":"code","valueString":"apply-context"},{"url":"value","valueString":"true"}],"url":"http://hl7.org/fhir/tools/StructureDefinition/ig-parameter"},{"extension":[{"url":"code","valueString":"apply-copyright"},{"url":"value","valueString":"true"}],"url":"http://hl7.org/fhir/tools/StructureDefinition/ig-parameter"},{"extension":[{"url":"code","valueString":"apply-license"},{"url":"value","valueString":"true"}],"url":"http://hl7.org/fhir/tools/StructureDefinition/ig-parameter"},{"extension":[{"url":"code","valueString":"apply-version"},{"url":"value","valueString":"true"}],"url":"http://hl7.org/fhir/tools/StructureDefinition/ig-parameter"},{"extension":[{"url":"code","valueString":"active-tables"},{"url":"value","valueString":"true"}],"url":"http://hl7.org/fhir/tools/StructureDefinition/ig-parameter"}],"grouping":[{"id":"-str-profile","name":"Structures: Resource Profiles","description":"These define constraints on FHIR resources for systems conforming to this implementation guide"},{"id":"-str-extension","name":"Structures: Extension Definitions","description":"These define constraints on FHIR data types for systems conforming to this implementation guide"},{"id":"-term-valueset","name":"Terminology: Value Sets","description":"These define sets of codes used by systems conforming to this implementation guide"}],"resource":[{"extension":[{"url":"http://hl7.org/fhir/StructureDefinition/implementationguide-page","valueUri":"StructureDefinition-sara-alert-immunization.html"}],"reference":{"reference":"StructureDefinition/sara-alert-immunization"},"name":"Sara Alert Immunization Profile","description":"The Sara Alert Immunization profile represents a vaccination of a monitoree.","exampleBoolean":false,"groupingId":"-str-profile"},{"extension":[{"url":"http://hl7.org/fhir/StructureDefinition/implementationguide-page","valueUri":"StructureDefinition-sara-alert-observation.html"}],"reference":{"reference":"StructureDefinition/sara-alert-observation"},"name":"Sara Alert Observation Profile","description":"The Sara Alert Observation profile represents a monitoree lab result.","exampleBoolean":false,"groupingId":"-str-profile"},{"extension":[{"url":"http://hl7.org/fhir/StructureDefinition/implementationguide-page","valueUri":"StructureDefinition-sara-alert-patient.html"}],"reference":{"reference":"StructureDefinition/sara-alert-patient"},"name":"Sara Alert Patient Profile","description":"Sara Alert outputs additional extensions on Patient resources","exampleBoolean":false,"groupingId":"-str-profile"},{"extension":[{"url":"http://hl7.org/fhir/StructureDefinition/implementationguide-page","valueUri":"StructureDefinition-sara-alert-provenance.html"}],"reference":{"reference":"StructureDefinition/sara-alert-provenance"},"name":"Sara Alert Provenance Profile","description":"The Sara Alert Provenance profile represents a monitoree history item.","exampleBoolean":false,"groupingId":"-str-profile"},{"extension":[{"url":"http://hl7.org/fhir/StructureDefinition/implementationguide-page","valueUri":"StructureDefinition-sara-alert-questionnaire-response.html"}],"reference":{"reference":"StructureDefinition/sara-alert-questionnaire-response"},"name":"Sara Alert QuestionnaireResponse Profile","description":"The Sara Alert QuestionnaireResponse profile represents a monitoree daily report.","exampleBoolean":false,"groupingId":"-str-profile"},{"extension":[{"url":"http://hl7.org/fhir/StructureDefinition/implementationguide-page","valueUri":"StructureDefinition-sara-alert-related-person.html"}],"reference":{"reference":"StructureDefinition/sara-alert-related-person"},"name":"Sara Alert RelatedPerson Profile","description":"The Sara Alert RelatedPerson profile represents a close contact of a monitoree.","exampleBoolean":false,"groupingId":"-str-profile"},{"extension":[{"url":"http://hl7.org/fhir/StructureDefinition/implementationguide-page","valueUri":"StructureDefinition-additional-planned-travel-destination.html"}],"reference":{"reference":"StructureDefinition/additional-planned-travel-destination"},"name":"Additional Planned Travel Destination","description":"Represents destination of the monitoree’s planned travel.","exampleBoolean":false,"groupingId":"-str-extension"},{"extension":[{"url":"http://hl7.org/fhir/StructureDefinition/implementationguide-page","valueUri":"StructureDefinition-additional-planned-travel-destination-country.html"}],"reference":{"reference":"StructureDefinition/additional-planned-travel-destination-country"},"name":"Additional Planned Travel Destination Country","description":"Represents destination country of the monitoree’s planned travel.","exampleBoolean":false,"groupingId":"-str-extension"},{"extension":[{"url":"http://hl7.org/fhir/StructureDefinition/implementationguide-page","valueUri":"StructureDefinition-additional-planned-travel-destination-state.html"}],"reference":{"reference":"StructureDefinition/additional-planned-travel-destination-state"},"name":"Additional Planned Travel Destination State","description":"Represents destination state of the monitoree’s planned travel.","exampleBoolean":false,"groupingId":"-str-extension"},{"extension":[{"url":"http://hl7.org/fhir/StructureDefinition/implementationguide-page","valueUri":"StructureDefinition-additional-planned-travel-end-date.html"}],"reference":{"reference":"StructureDefinition/additional-planned-travel-end-date"},"name":"Additional Planned Travel End Date","description":"Represents the date that the monitoree is planning to end their additional travel.","exampleBoolean":false,"groupingId":"-str-extension"},{"extension":[{"url":"http://hl7.org/fhir/StructureDefinition/implementationguide-page","valueUri":"StructureDefinition-additional-planned-travel-notes.html"}],"reference":{"reference":"StructureDefinition/additional-planned-travel-notes"},"name":"Additional Planned Travel Notes","description":"Represents any additional notes about the monitoree’s planned travel. This can include details about the nature of the trip, planned social interaction, additional destinations, etc.","exampleBoolean":false,"groupingId":"-str-extension"},{"extension":[{"url":"http://hl7.org/fhir/StructureDefinition/implementationguide-page","valueUri":"StructureDefinition-additional-planned-travel-port-of-departure.html"}],"reference":{"reference":"StructureDefinition/additional-planned-travel-port-of-departure"},"name":"Additional Planned Travel Port of Departure","description":"Represents the airport, station, or docking point that the monitoree is planning to travel from.","exampleBoolean":false,"groupingId":"-str-extension"},{"extension":[{"url":"http://hl7.org/fhir/StructureDefinition/implementationguide-page","valueUri":"StructureDefinition-additional-planned-travel-start-date.html"}],"reference":{"reference":"StructureDefinition/additional-planned-travel-start-date"},"name":"Additional Planned Travel Start Date","description":"Represents the date that the monitoree is planning to begin their additional travel.","exampleBoolean":false,"groupingId":"-str-extension"},{"extension":[{"url":"http://hl7.org/fhir/StructureDefinition/implementationguide-page","valueUri":"StructureDefinition-additional-planned-travel-type.html"}],"reference":{"reference":"StructureDefinition/additional-planned-travel-type"},"name":"Additional Planned Travel Type","description":"Represents type of additional planned travel the monitoree has reported (options are: `Domestic` and `International`).","exampleBoolean":false,"groupingId":"-str-extension"},{"extension":[{"url":"http://hl7.org/fhir/StructureDefinition/implementationguide-page","valueUri":"StructureDefinition-address-type.html"}],"reference":{"reference":"StructureDefinition/address-type"},"name":"Address Type","description":"Indicates if a monitoree's address is within the USA, or outside of the USA (options are: `USA`, `Foreign`, `Monitored` and `ForeignMonitored`). The extension only has meaning when used on the 'Patient.address' element. If this extension is not present the address is assumed to be within the USA.","exampleBoolean":false,"groupingId":"-str-extension"},{"extension":[{"url":"http://hl7.org/fhir/StructureDefinition/implementationguide-page","valueUri":"StructureDefinition-assigned-user.html"}],"reference":{"reference":"StructureDefinition/assigned-user"},"name":"Assigned User","description":"Represents the user or group within a jurisdiction responsible for monitoring a monitoree.","exampleBoolean":false,"groupingId":"-str-extension"},{"extension":[{"url":"http://hl7.org/fhir/StructureDefinition/implementationguide-page","valueUri":"StructureDefinition-case-status.html"}],"reference":{"reference":"StructureDefinition/case-status"},"name":"Case Status","description":"Represents if a monitoree meets a case definition (options are: `Confirmed`, `Probable`, `Suspect`, `Unknown`, and `Not a Case`).","exampleBoolean":false,"groupingId":"-str-extension"},{"extension":[{"url":"http://hl7.org/fhir/StructureDefinition/implementationguide-page","valueUri":"StructureDefinition-closed-at.html"}],"reference":{"reference":"StructureDefinition/closed-at"},"name":"Closed At","description":"Represents the date and time that a monitoree was manually closed by a user or automatically closed by the system. This field is read-only.","exampleBoolean":false,"groupingId":"-str-extension"},{"extension":[{"url":"http://hl7.org/fhir/StructureDefinition/implementationguide-page","valueUri":"StructureDefinition-comment.html"}],"reference":{"reference":"StructureDefinition/comment"},"name":"Comment","description":"Represents the comment for a monitoree history item.","exampleBoolean":false,"groupingId":"-str-extension"},{"extension":[{"url":"http://hl7.org/fhir/StructureDefinition/implementationguide-page","valueUri":"StructureDefinition-common-exposure-cohort.html"}],"reference":{"reference":"StructureDefinition/common-exposure-cohort"},"name":"Common Exposure Cohort","description":"Represents where common exposure cohorts for the monitoree.","exampleBoolean":false,"groupingId":"-str-extension"},{"extension":[{"url":"http://hl7.org/fhir/StructureDefinition/implementationguide-page","valueUri":"StructureDefinition-contact-attempts.html"}],"reference":{"reference":"StructureDefinition/contact-attempts"},"name":"Contact Attempts","description":"Represents the number of times that a close contact of a monitoree has been contacted.","exampleBoolean":false,"groupingId":"-str-extension"},{"extension":[{"url":"http://hl7.org/fhir/StructureDefinition/implementationguide-page","valueUri":"StructureDefinition-contact-of-known-case.html"}],"reference":{"reference":"StructureDefinition/contact-of-known-case"},"name":"Contact Of Known Case","description":"Represents whether or not a monitoree has known exposure to a probable or confirmed case.","exampleBoolean":false,"groupingId":"-str-extension"},{"extension":[{"url":"http://hl7.org/fhir/StructureDefinition/implementationguide-page","valueUri":"StructureDefinition-continuous-exposure.html"}],"reference":{"reference":"StructureDefinition/continuous-exposure"},"name":"Continuous Exposure","description":"Indicates if a monitoree's exposure to one or more cases is ongoing. This type of exposure means there is no known 'Last Date of Exposure'","exampleBoolean":false,"groupingId":"-str-extension"},{"extension":[{"url":"http://hl7.org/fhir/StructureDefinition/implementationguide-page","valueUri":"StructureDefinition-created-at.html"}],"reference":{"reference":"StructureDefinition/created-at"},"name":"Created At","description":"This field represents the date and time that a resource was created in the system. This field is read-only.","exampleBoolean":false,"groupingId":"-str-extension"},{"extension":[{"url":"http://hl7.org/fhir/StructureDefinition/implementationguide-page","valueUri":"StructureDefinition-crew-on-passenger-or-cargo-flight.html"}],"reference":{"reference":"StructureDefinition/crew-on-passenger-or-cargo-flight"},"name":"Crew on Passenger or Cargo Flight","description":"Represents whether or not a monitoree works on a passenger, cargo, or other commercial plane.","exampleBoolean":false,"groupingId":"-str-extension"},{"extension":[{"url":"http://hl7.org/fhir/StructureDefinition/implementationguide-page","valueUri":"StructureDefinition-date-of-arrival.html"}],"reference":{"reference":"StructureDefinition/date-of-arrival"},"name":"Date of Arrival","description":"Represents when the monitoree entered the United States after travel.","exampleBoolean":false,"groupingId":"-str-extension"},{"extension":[{"url":"http://hl7.org/fhir/StructureDefinition/implementationguide-page","valueUri":"StructureDefinition-date-of-departure.html"}],"reference":{"reference":"StructureDefinition/date-of-departure"},"name":"Date of Departure","description":"Represents the date that the monitoree traveled from the Port of Origin to the United States.","exampleBoolean":false,"groupingId":"-str-extension"},{"extension":[{"url":"http://hl7.org/fhir/StructureDefinition/implementationguide-page","valueUri":"StructureDefinition-end-of-monitoring.html"}],"reference":{"reference":"StructureDefinition/end-of-monitoring"},"name":"End of Monitoring","description":"Represents the system calculated end of monitoring period. This field is read-only.","exampleBoolean":false,"groupingId":"-str-extension"},{"extension":[{"url":"http://hl7.org/fhir/StructureDefinition/implementationguide-page","valueUri":"StructureDefinition-enrolled-patient.html"}],"reference":{"reference":"StructureDefinition/enrolled-patient"},"name":"Enrolled Patient","description":"References the monitoree that corresponds to the close contact, if such a monitoree exists.","exampleBoolean":false,"groupingId":"-str-extension"},{"extension":[{"url":"http://hl7.org/fhir/StructureDefinition/implementationguide-page","valueUri":"StructureDefinition-expected-purge-date.html"}],"reference":{"reference":"StructureDefinition/expected-purge-date"},"name":"Expected Purge Date","description":"Represents the date and time that the monitoree's identifiers will be eligible to be purged from the system. This field is read-only.","exampleBoolean":false,"groupingId":"-str-extension"},{"extension":[{"url":"http://hl7.org/fhir/StructureDefinition/implementationguide-page","valueUri":"StructureDefinition-exposure-notes.html"}],"reference":{"reference":"StructureDefinition/exposure-notes"},"name":"Exposure Notes","description":"Represents any additional notes about the monitoree’s exposure history or case information history. This can include details about the interaction with a known case, high risk activities, common exposure, etc.","exampleBoolean":false,"groupingId":"-str-extension"},{"extension":[{"url":"http://hl7.org/fhir/StructureDefinition/implementationguide-page","valueUri":"StructureDefinition-exposure-risk-assessment.html"}],"reference":{"reference":"StructureDefinition/exposure-risk-assessment"},"name":"Exposure Risk Assessment","description":"Indicates the risk assessment of a a monitoree's exposure to disease (options are: `High`, `Medium`, `Low`, `No Identified Risk`).","exampleBoolean":false,"groupingId":"-str-extension"},{"extension":[{"url":"http://hl7.org/fhir/StructureDefinition/implementationguide-page","valueUri":"StructureDefinition-exposure-risk-factors.html"}],"reference":{"reference":"StructureDefinition/exposure-risk-factors"},"name":"Exposure Risk Factors","description":"Represents the exposure risk factors for the monitoree.","exampleBoolean":false,"groupingId":"-str-extension"},{"extension":[{"url":"http://hl7.org/fhir/StructureDefinition/implementationguide-page","valueUri":"StructureDefinition-extended-isolation.html"}],"reference":{"reference":"StructureDefinition/extended-isolation"},"name":"Extended Isolation","description":"Represents a user-defined date that determines eligibility for a monitoree appearing on the Records Requiring Review linelist.","exampleBoolean":false,"groupingId":"-str-extension"},{"extension":[{"url":"http://hl7.org/fhir/StructureDefinition/implementationguide-page","valueUri":"StructureDefinition-flight-or-vessel-carrier.html"}],"reference":{"reference":"StructureDefinition/flight-or-vessel-carrier"},"name":"Flight or Vessel Carrier","description":"Represents the carrier, operating company, or provider of the flight or vessel.","exampleBoolean":false,"groupingId":"-str-extension"},{"extension":[{"url":"http://hl7.org/fhir/StructureDefinition/implementationguide-page","valueUri":"StructureDefinition-flight-or-vessel-number.html"}],"reference":{"reference":"StructureDefinition/flight-or-vessel-number"},"name":"Flight or Vessel Number","description":"Represents the plane, train, ship, or other vessel that the monitoree used to travel to their destination.","exampleBoolean":false,"groupingId":"-str-extension"},{"extension":[{"url":"http://hl7.org/fhir/StructureDefinition/implementationguide-page","valueUri":"StructureDefinition-follow-up-note.html"}],"reference":{"reference":"StructureDefinition/follow-up-note"},"name":"Follow-up Note","description":"Specifies additional details for the follow-up reason on the monitoree.","exampleBoolean":false,"groupingId":"-str-extension"},{"extension":[{"url":"http://hl7.org/fhir/StructureDefinition/implementationguide-page","valueUri":"StructureDefinition-follow-up-reason.html"}],"reference":{"reference":"StructureDefinition/follow-up-reason"},"name":"Follow-up Reason","description":"Specifies a reason to follow up on the monitoree (options are: `Deceased`, `Duplicate`, `High-Risk`, `Hospitalized`, `In Need of Follow-up`, `Lost to Follow-up`, `Needs Interpretation`, `Quality Assurance`, `Refused Active Monitoring`, and `Other`).","exampleBoolean":false,"groupingId":"-str-extension"},{"extension":[{"url":"http://hl7.org/fhir/StructureDefinition/implementationguide-page","valueUri":"StructureDefinition-full-assigned-jurisdiction-path.html"}],"reference":{"reference":"StructureDefinition/full-assigned-jurisdiction-path"},"name":"Full Assigned Jurisdiction Path","description":"Represents the jurisdiction in which this monitoree is enrolled.","exampleBoolean":false,"groupingId":"-str-extension"},{"extension":[{"url":"http://hl7.org/fhir/StructureDefinition/implementationguide-page","valueUri":"StructureDefinition-head-of-household.html"}],"reference":{"reference":"StructureDefinition/head-of-household"},"name":"Head of Household","description":"This field indicates if the monitoree is a head of household. This field is read-only.","exampleBoolean":false,"groupingId":"-str-extension"},{"extension":[{"url":"http://hl7.org/fhir/StructureDefinition/implementationguide-page","valueUri":"StructureDefinition-healthcare-personnel.html"}],"reference":{"reference":"StructureDefinition/healthcare-personnel"},"name":"Healthcare Personnel","description":"Represents whether or not a monitoree works in a healthcare facility.","exampleBoolean":false,"groupingId":"-str-extension"},{"extension":[{"url":"http://hl7.org/fhir/StructureDefinition/implementationguide-page","valueUri":"StructureDefinition-history-type.html"}],"reference":{"reference":"StructureDefinition/history-type"},"name":"History Type","description":"Represents the history type for a monitoree history item.","exampleBoolean":false,"groupingId":"-str-extension"},{"extension":[{"url":"http://hl7.org/fhir/StructureDefinition/implementationguide-page","valueUri":"StructureDefinition-id-of-reporter.html"}],"reference":{"reference":"StructureDefinition/id-of-reporter"},"name":"ID of Reporter","description":"Represents the ID of the monitoree that is responsible of reporting on a monitoree’s behalf. This field is read-only.","exampleBoolean":false,"groupingId":"-str-extension"},{"extension":[{"url":"http://hl7.org/fhir/StructureDefinition/implementationguide-page","valueUri":"StructureDefinition-international-telephone.html"}],"reference":{"reference":"StructureDefinition/international-telephone"},"name":"International Telephone","description":"Indicates if a monitoree's telephone number is international. The extension only has meaning when used on the 'Patient.telecom' element. If this extension is not present the telecom is assumed not to be international.","exampleBoolean":false,"groupingId":"-str-extension"},{"extension":[{"url":"http://hl7.org/fhir/StructureDefinition/implementationguide-page","valueUri":"StructureDefinition-isolation.html"}],"reference":{"reference":"StructureDefinition/isolation"},"name":"Isolation","description":"If the monitoree should be in the isolation workflow (omitting this extension defaults this value to false, leaving the monitoree in the exposure workflow.","exampleBoolean":false,"groupingId":"-str-extension"},{"extension":[{"url":"http://hl7.org/fhir/StructureDefinition/implementationguide-page","valueUri":"StructureDefinition-laboratory-personnel.html"}],"reference":{"reference":"StructureDefinition/laboratory-personnel"},"name":"Laboratory Personnel","description":"Represents whether or not a monitoree works in a laboratory or testing facility.","exampleBoolean":false,"groupingId":"-str-extension"},{"extension":[{"url":"http://hl7.org/fhir/StructureDefinition/implementationguide-page","valueUri":"StructureDefinition-last-assessment-reminder-sent.html"}],"reference":{"reference":"StructureDefinition/last-assessment-reminder-sent"},"name":"Last Assessment Reminder Sent","description":"This field represents the date and time that a report reminder was last sent to a monitoree. This field is read-only.","exampleBoolean":false,"groupingId":"-str-extension"},{"extension":[{"url":"http://hl7.org/fhir/StructureDefinition/implementationguide-page","valueUri":"StructureDefinition-last-date-of-exposure.html"}],"reference":{"reference":"StructureDefinition/last-date-of-exposure"},"name":"Last Date of Exposure","description":"When the monitoree`s last exposure occurred for use in the Sara Alert exposure workflow.","exampleBoolean":false,"groupingId":"-str-extension"},{"extension":[{"url":"http://hl7.org/fhir/StructureDefinition/implementationguide-page","valueUri":"StructureDefinition-member-of-a-common-exposure-cohort.html"}],"reference":{"reference":"StructureDefinition/member-of-a-common-exposure-cohort"},"name":"Member of a Common Exposure Cohort","description":"Represents whether or not a monitoree was exposed via a common source or gathering.","exampleBoolean":false,"groupingId":"-str-extension"},{"extension":[{"url":"http://hl7.org/fhir/StructureDefinition/implementationguide-page","valueUri":"StructureDefinition-monitoring-plan.html"}],"reference":{"reference":"StructureDefinition/monitoring-plan"},"name":"Monitoring Plan","description":"Represents the monitoring approach selected by public health based on CDC or local guidance (options are: `None`, `Daily active monitoring`, `Self-monitoring with public health supervision`, `Self-monitoring with delegated supervision`, `Self-observation`).","exampleBoolean":false,"groupingId":"-str-extension"},{"extension":[{"url":"http://hl7.org/fhir/StructureDefinition/implementationguide-page","valueUri":"StructureDefinition-notes.html"}],"reference":{"reference":"StructureDefinition/notes"},"name":"Notes","description":"Represents general notes used to describe a close contact of a monitoree.","exampleBoolean":false,"groupingId":"-str-extension"},{"extension":[{"url":"http://hl7.org/fhir/StructureDefinition/implementationguide-page","valueUri":"StructureDefinition-original-id.html"}],"reference":{"reference":"StructureDefinition/original-id"},"name":"Original ID","description":"Indicates the id of the original comment before any edits were made. This field is read-only.","exampleBoolean":false,"groupingId":"-str-extension"},{"extension":[{"url":"http://hl7.org/fhir/StructureDefinition/implementationguide-page","valueUri":"StructureDefinition-paused-notifications.html"}],"reference":{"reference":"StructureDefinition/paused-notifications"},"name":"Paused Notifications","description":"This field indicates if the monitoree has notifications paused. This field is read-only.","exampleBoolean":false,"groupingId":"-str-extension"},{"extension":[{"url":"http://hl7.org/fhir/StructureDefinition/implementationguide-page","valueUri":"StructureDefinition-phone-type.html"}],"reference":{"reference":"StructureDefinition/phone-type"},"name":"Phone Type","description":"Represents the type of phone attached to the phone number. This field can be used to determine a monitoree’s ability to receive SMS Texted Weblink, Telephone call, or SMS Text-message during the selection of Preferred Reporting Method (options are: `Smartphone`, `Landline`, `Plain Cell`).","exampleBoolean":false,"groupingId":"-str-extension"},{"extension":[{"url":"http://hl7.org/fhir/StructureDefinition/implementationguide-page","valueUri":"StructureDefinition-port-of-entry-into-usa.html"}],"reference":{"reference":"StructureDefinition/port-of-entry-into-usa"},"name":"Port of Entry into USA","description":"Represents the U.S. airport, station, or docking point that the monitoree traveled to in order to enter the United States.","exampleBoolean":false,"groupingId":"-str-extension"},{"extension":[{"url":"http://hl7.org/fhir/StructureDefinition/implementationguide-page","valueUri":"StructureDefinition-port-of-origin.html"}],"reference":{"reference":"StructureDefinition/port-of-origin"},"name":"Port of Origin","description":"Represents the airport, station, or docking point that the monitoree traveled from.","exampleBoolean":false,"groupingId":"-str-extension"},{"extension":[{"url":"http://hl7.org/fhir/StructureDefinition/implementationguide-page","valueUri":"StructureDefinition-potential-exposure-country.html"}],"reference":{"reference":"StructureDefinition/potential-exposure-country"},"name":"Potential Exposure Country","description":"Represents a description of the country where the monitoree was potentially last exposed to a case.","exampleBoolean":false,"groupingId":"-str-extension"},{"extension":[{"url":"http://hl7.org/fhir/StructureDefinition/implementationguide-page","valueUri":"StructureDefinition-potential-exposure-location.html"}],"reference":{"reference":"StructureDefinition/potential-exposure-location"},"name":"Potential Exposure Location","description":"Represents a description of the location where the monitoree was potentially last exposed to a case.","exampleBoolean":false,"groupingId":"-str-extension"},{"extension":[{"url":"http://hl7.org/fhir/StructureDefinition/implementationguide-page","valueUri":"StructureDefinition-preferred-contact-method.html"}],"reference":{"reference":"StructureDefinition/preferred-contact-method"},"name":"Preferred Contact Method","description":"Represents the form in which the monitoree receives their daily symptom reports (options are: `E-mailed Web Link`, `SMS Texted Weblink`, `Telephone call`, and `SMS Text-message`).","exampleBoolean":false,"groupingId":"-str-extension"},{"extension":[{"url":"http://hl7.org/fhir/StructureDefinition/implementationguide-page","valueUri":"StructureDefinition-preferred-contact-time.html"}],"reference":{"reference":"StructureDefinition/preferred-contact-time"},"name":"Preferred Contact Time","description":"Represents the time period that the system sends out symptom reports to a monitoree (options are: `Morning`, `Afternoon`, `Evening`).","exampleBoolean":false,"groupingId":"-str-extension"},{"extension":[{"url":"http://hl7.org/fhir/StructureDefinition/implementationguide-page","valueUri":"StructureDefinition-public-health-action.html"}],"reference":{"reference":"StructureDefinition/public-health-action"},"name":"Public Health Action","description":"Indicates the public health recommendation for a monitoree (options are: `None`, `Recommended medical evaluation of symptoms`, `Document results of medical evaluation`, `Recommended laboratory testing`).","exampleBoolean":false,"groupingId":"-str-extension"},{"extension":[{"url":"http://hl7.org/fhir/StructureDefinition/implementationguide-page","valueUri":"StructureDefinition-reason-for-closure.html"}],"reference":{"reference":"StructureDefinition/reason-for-closure"},"name":"Reason for Closure","description":"Represents the reason a monitoree was closed by the user or system. This field is read-only.","exampleBoolean":false,"groupingId":"-str-extension"},{"extension":[{"url":"http://hl7.org/fhir/StructureDefinition/implementationguide-page","valueUri":"StructureDefinition-sexual-orientation.html"}],"reference":{"reference":"StructureDefinition/sexual-orientation"},"name":"Sexual Orientation","description":"Represents how the monitoree characterizes their attraction to others.","exampleBoolean":false,"groupingId":"-str-extension"},{"extension":[{"url":"http://hl7.org/fhir/StructureDefinition/implementationguide-page","valueUri":"StructureDefinition-source-of-report.html"}],"reference":{"reference":"StructureDefinition/source-of-report"},"name":"Source Of Report","description":"Represents where initial information about the monitoree’s exposure or illness was obtained from.","exampleBoolean":false,"groupingId":"-str-extension"},{"extension":[{"url":"http://hl7.org/fhir/StructureDefinition/implementationguide-page","valueUri":"StructureDefinition-status.html"}],"reference":{"reference":"StructureDefinition/status"},"name":"Status","description":"For monitorees in the Exposure workflow, this field represents the line list, where the monitoree\nis being monitored (options are: `asymptomatic`, `symptomatic`, `non reporting`, `under investigation = PUI`, and `closed`).\n\nFor monitorees in the Isolation workflow, this field represents the monitoree’s preliminarily met\nrecovery definition. If the monitoree has not met a preliminary recovery definition,\nthen this field indicates the line list where the monitoree is being monitored\n(options are: `symp non test based`, `asymp non test based`, `test based`, `reporting`, `non reporting`, and `closed`).\nThis field is read-only.","exampleBoolean":false,"groupingId":"-str-extension"},{"extension":[{"url":"http://hl7.org/fhir/StructureDefinition/implementationguide-page","valueUri":"StructureDefinition-symptom-onset-date.html"}],"reference":{"reference":"StructureDefinition/symptom-onset-date"},"name":"Symptom Onset Date","description":"When the monitoree`s first symptoms appeared for use in the Sara Alert isolation workflow.","exampleBoolean":false,"groupingId":"-str-extension"},{"extension":[{"url":"http://hl7.org/fhir/StructureDefinition/implementationguide-page","valueUri":"StructureDefinition-symptomatic.html"}],"reference":{"reference":"StructureDefinition/symptomatic"},"name":"Symptomatic","description":"This field indicates if the monitoree has reported symptoms that need review by a public health user. This field is read-only.","exampleBoolean":false,"groupingId":"-str-extension"},{"extension":[{"url":"http://hl7.org/fhir/StructureDefinition/implementationguide-page","valueUri":"StructureDefinition-transfer.html"}],"reference":{"reference":"StructureDefinition/transfer"},"name":"Transfer","description":"Represents a transfer event involving the monitoree. This field is read-only.","exampleBoolean":false,"groupingId":"-str-extension"},{"extension":[{"url":"http://hl7.org/fhir/StructureDefinition/implementationguide-page","valueUri":"StructureDefinition-travel-from-affected-country-or-area.html"}],"reference":{"reference":"StructureDefinition/travel-from-affected-country-or-area"},"name":"Travel From Affected Country or Area","description":"Represents whether or not a monitoree traveled from a country or area with a high prevalence of disease within the exposure period.","exampleBoolean":false,"groupingId":"-str-extension"},{"extension":[{"url":"http://hl7.org/fhir/StructureDefinition/implementationguide-page","valueUri":"StructureDefinition-travel-related-notes.html"}],"reference":{"reference":"StructureDefinition/travel-related-notes"},"name":"Travel Related Notes","description":"Represents any additional notes about the monitoree’s travel history. This can include details about the nature of the trip, contact with anyone symptomatic, original country departed from, etc.","exampleBoolean":false,"groupingId":"-str-extension"},{"extension":[{"url":"http://hl7.org/fhir/StructureDefinition/implementationguide-page","valueUri":"StructureDefinition-user-defined-symptom-onset.html"}],"reference":{"reference":"StructureDefinition/user-defined-symptom-onset"},"name":"User Defined Symptom Onset","description":"This field indicates if a user manually defined symptom onset for the monitoree. This field is read-only.","exampleBoolean":false,"groupingId":"-str-extension"},{"extension":[{"url":"http://hl7.org/fhir/StructureDefinition/implementationguide-page","valueUri":"StructureDefinition-was-in-health-care-facility-with-known-cases.html"}],"reference":{"reference":"StructureDefinition/was-in-health-care-facility-with-known-cases"},"name":"Was in Health Care Facility with Known Cases","description":"Represents whether or not a monitoree entered or was treated in a health care facility that had known cases.","exampleBoolean":false,"groupingId":"-str-extension"},{"extension":[{"url":"http://hl7.org/fhir/StructureDefinition/implementationguide-page","valueUri":"StructureDefinition-who-reported.html"}],"reference":{"reference":"StructureDefinition/who-reported"},"name":"Who Reported","description":"System assigned value for the monitoree or user that submitted a report. This field is read-only.","exampleBoolean":false,"groupingId":"-str-extension"},{"extension":[{"url":"http://hl7.org/fhir/StructureDefinition/implementationguide-page","valueUri":"ValueSet-covid-19-vaccines.html"}],"reference":{"reference":"ValueSet/covid-19-vaccines"},"name":"COVID-19 Vaccines Value Set","exampleBoolean":false,"groupingId":"-term-valueset"},{"extension":[{"url":"http://hl7.org/fhir/StructureDefinition/implementationguide-page","valueUri":"ValueSet-SaraAlertLabResult.html"}],"reference":{"reference":"ValueSet/SaraAlertLabResult"},"name":"SaraAlertLabResult","exampleBoolean":false,"groupingId":"-term-valueset"},{"extension":[{"url":"http://hl7.org/fhir/StructureDefinition/implementationguide-page","valueUri":"ValueSet-SaraAlertLabType.html"}],"reference":{"reference":"ValueSet/SaraAlertLabType"},"name":"SaraAlertLabType","exampleBoolean":false,"groupingId":"-term-valueset"},{"extension":[{"url":"http://hl7.org/fhir/StructureDefinition/implementationguide-page","valueUri":"ValueSet-SaraAlertLanguage.html"}],"reference":{"reference":"ValueSet/SaraAlertLanguage"},"name":"Sara Alert Language ValueSet","description":"This ValueSet lists the allowed values for setting \"Primary Language\" and \"Secondary Language\"\nin Sara Alert. Either the \"Code\" value or the \"Display\" value may be used. In cases where the 2-letter\nISO 639-1 code is listed, the corresponding 3-letter ISO 639-2 code may also be used.","exampleBoolean":false,"groupingId":"-term-valueset"},{"extension":[{"url":"http://hl7.org/fhir/StructureDefinition/implementationguide-page","valueUri":"ValueSet-SaraAlertSexualOrientation.html"}],"reference":{"reference":"ValueSet/SaraAlertSexualOrientation"},"name":"SaraAlertSexualOrientation","exampleBoolean":false,"groupingId":"-term-valueset"}],"page":{"nameUrl":"toc.html","title":"Table of Contents","generation":"html","page":[{"nameUrl":"index.html","title":"Home","generation":"markdown"},{"nameUrl":"artifacts.html","title":"Artifacts Summary","generation":"html","page":[{"nameUrl":"StructureDefinition-sara-alert-immunization.html","title":"Sara Alert Immunization Profile","generation":"generated"},{"nameUrl":"StructureDefinition-sara-alert-observation.html","title":"Sara Alert Observation Profile","generation":"generated"},{"nameUrl":"StructureDefinition-sara-alert-patient.html","title":"Sara Alert Patient Profile","generation":"generated"},{"nameUrl":"StructureDefinition-sara-alert-provenance.html","title":"Sara Alert Provenance Profile","generation":"generated"},{"nameUrl":"StructureDefinition-sara-alert-questionnaire-response.html","title":"Sara Alert QuestionnaireResponse Profile","generation":"generated"},{"nameUrl":"StructureDefinition-sara-alert-related-person.html","title":"Sara Alert RelatedPerson Profile","generation":"generated"},{"nameUrl":"StructureDefinition-additional-planned-travel-destination.html","title":"Additional Planned Travel Destination","generation":"generated"},{"nameUrl":"StructureDefinition-additional-planned-travel-destination-country.html","title":"Additional Planned Travel Destination Country","generation":"generated"},{"nameUrl":"StructureDefinition-additional-planned-travel-destination-state.html","title":"Additional Planned Travel Destination State","generation":"generated"},{"nameUrl":"StructureDefinition-additional-planned-travel-end-date.html","title":"Additional Planned Travel End Date","generation":"generated"},{"nameUrl":"StructureDefinition-additional-planned-travel-notes.html","title":"Additional Planned Travel Notes","generation":"generated"},{"nameUrl":"StructureDefinition-additional-planned-travel-port-of-departure.html","title":"Additional Planned Travel Port of Departure","generation":"generated"},{"nameUrl":"StructureDefinition-additional-planned-travel-start-date.html","title":"Additional Planned Travel Start Date","generation":"generated"},{"nameUrl":"StructureDefinition-additional-planned-travel-type.html","title":"Additional Planned Travel Type","generation":"generated"},{"nameUrl":"StructureDefinition-address-type.html","title":"Address Type","generation":"generated"},{"nameUrl":"StructureDefinition-assigned-user.html","title":"Assigned User","generation":"generated"},{"nameUrl":"StructureDefinition-case-status.html","title":"Case Status","generation":"generated"},{"nameUrl":"StructureDefinition-closed-at.html","title":"Closed At","generation":"generated"},{"nameUrl":"StructureDefinition-comment.html","title":"Comment","generation":"generated"},{"nameUrl":"StructureDefinition-common-exposure-cohort.html","title":"Common Exposure Cohort","generation":"generated"},{"nameUrl":"StructureDefinition-contact-attempts.html","title":"Contact Attempts","generation":"generated"},{"nameUrl":"StructureDefinition-contact-of-known-case.html","title":"Contact Of Known Case","generation":"generated"},{"nameUrl":"StructureDefinition-continuous-exposure.html","title":"Continuous Exposure","generation":"generated"},{"nameUrl":"StructureDefinition-created-at.html","title":"Created At","generation":"generated"},{"nameUrl":"StructureDefinition-crew-on-passenger-or-cargo-flight.html","title":"Crew on Passenger or Cargo Flight","generation":"generated"},{"nameUrl":"StructureDefinition-date-of-arrival.html","title":"Date of Arrival","generation":"generated"},{"nameUrl":"StructureDefinition-date-of-departure.html","title":"Date of Departure","generation":"generated"},{"nameUrl":"StructureDefinition-end-of-monitoring.html","title":"End of Monitoring","generation":"generated"},{"nameUrl":"StructureDefinition-enrolled-patient.html","title":"Enrolled Patient","generation":"generated"},{"nameUrl":"StructureDefinition-expected-purge-date.html","title":"Expected Purge Date","generation":"generated"},{"nameUrl":"StructureDefinition-exposure-notes.html","title":"Exposure Notes","generation":"generated"},{"nameUrl":"StructureDefinition-exposure-risk-assessment.html","title":"Exposure Risk Assessment","generation":"generated"},{"nameUrl":"StructureDefinition-exposure-risk-factors.html","title":"Exposure Risk Factors","generation":"generated"},{"nameUrl":"StructureDefinition-extended-isolation.html","title":"Extended Isolation","generation":"generated"},{"nameUrl":"StructureDefinition-flight-or-vessel-carrier.html","title":"Flight or Vessel Carrier","generation":"generated"},{"nameUrl":"StructureDefinition-flight-or-vessel-number.html","title":"Flight or Vessel Number","generation":"generated"},{"nameUrl":"StructureDefinition-follow-up-note.html","title":"Follow-up Note","generation":"generated"},{"nameUrl":"StructureDefinition-follow-up-reason.html","title":"Follow-up Reason","generation":"generated"},{"nameUrl":"StructureDefinition-full-assigned-jurisdiction-path.html","title":"Full Assigned Jurisdiction Path","generation":"generated"},{"nameUrl":"StructureDefinition-head-of-household.html","title":"Head of Household","generation":"generated"},{"nameUrl":"StructureDefinition-healthcare-personnel.html","title":"Healthcare Personnel","generation":"generated"},{"nameUrl":"StructureDefinition-history-type.html","title":"History Type","generation":"generated"},{"nameUrl":"StructureDefinition-id-of-reporter.html","title":"ID of Reporter","generation":"generated"},{"nameUrl":"StructureDefinition-international-telephone.html","title":"International Telephone","generation":"generated"},{"nameUrl":"StructureDefinition-isolation.html","title":"Isolation","generation":"generated"},{"nameUrl":"StructureDefinition-laboratory-personnel.html","title":"Laboratory Personnel","generation":"generated"},{"nameUrl":"StructureDefinition-last-assessment-reminder-sent.html","title":"Last Assessment Reminder Sent","generation":"generated"},{"nameUrl":"StructureDefinition-last-date-of-exposure.html","title":"Last Date of Exposure","generation":"generated"},{"nameUrl":"StructureDefinition-member-of-a-common-exposure-cohort.html","title":"Member of a Common Exposure Cohort","generation":"generated"},{"nameUrl":"StructureDefinition-monitoring-plan.html","title":"Monitoring Plan","generation":"generated"},{"nameUrl":"StructureDefinition-notes.html","title":"Notes","generation":"generated"},{"nameUrl":"StructureDefinition-original-id.html","title":"Original ID","generation":"generated"},{"nameUrl":"StructureDefinition-paused-notifications.html","title":"Paused Notifications","generation":"generated"},{"nameUrl":"StructureDefinition-phone-type.html","title":"Phone Type","generation":"generated"},{"nameUrl":"StructureDefinition-port-of-entry-into-usa.html","title":"Port of Entry into USA","generation":"generated"},{"nameUrl":"StructureDefinition-port-of-origin.html","title":"Port of Origin","generation":"generated"},{"nameUrl":"StructureDefinition-potential-exposure-country.html","title":"Potential Exposure Country","generation":"generated"},{"nameUrl":"StructureDefinition-potential-exposure-location.html","title":"Potential Exposure Location","generation":"generated"},{"nameUrl":"StructureDefinition-preferred-contact-method.html","title":"Preferred Contact Method","generation":"generated"},{"nameUrl":"StructureDefinition-preferred-contact-time.html","title":"Preferred Contact Time","generation":"generated"},{"nameUrl":"StructureDefinition-public-health-action.html","title":"Public Health Action","generation":"generated"},{"nameUrl":"StructureDefinition-reason-for-closure.html","title":"Reason for Closure","generation":"generated"},{"nameUrl":"StructureDefinition-sexual-orientation.html","title":"Sexual Orientation","generation":"generated"},{"nameUrl":"StructureDefinition-source-of-report.html","title":"Source Of Report","generation":"generated"},{"nameUrl":"StructureDefinition-status.html","title":"Status","generation":"generated"},{"nameUrl":"StructureDefinition-symptom-onset-date.html","title":"Symptom Onset Date","generation":"generated"},{"nameUrl":"StructureDefinition-symptomatic.html","title":"Symptomatic","generation":"generated"},{"nameUrl":"StructureDefinition-transfer.html","title":"Transfer","generation":"generated"},{"nameUrl":"StructureDefinition-travel-from-affected-country-or-area.html","title":"Travel From Affected Country or Area","generation":"generated"},{"nameUrl":"StructureDefinition-travel-related-notes.html","title":"Travel Related Notes","generation":"generated"},{"nameUrl":"StructureDefinition-user-defined-symptom-onset.html","title":"User Defined Symptom Onset","generation":"generated"},{"nameUrl":"StructureDefinition-was-in-health-care-facility-with-known-cases.html","title":"Was in Health Care Facility with Known Cases","generation":"generated"},{"nameUrl":"StructureDefinition-who-reported.html","title":"Who Reported","generation":"generated"},{"nameUrl":"ValueSet-covid-19-vaccines.html","title":"COVID-19 Vaccines Value Set","generation":"generated"},{"nameUrl":"ValueSet-SaraAlertLabResult.html","title":"SaraAlertLabResult","generation":"generated"},{"nameUrl":"ValueSet-SaraAlertLabType.html","title":"SaraAlertLabType","generation":"generated"},{"nameUrl":"ValueSet-SaraAlertLanguage.html","title":"Sara Alert Language ValueSet","generation":"generated"},{"nameUrl":"ValueSet-SaraAlertSexualOrientation.html","title":"SaraAlertSexualOrientation","generation":"generated"}]}]},"parameter":[{"code":"path-resource","value":"input/capabilities"},{"code":"path-resource","value":"input/examples"},{"code":"path-resource","value":"input/extensions"},{"code":"path-resource","value":"input/models"},{"code":"path-resource","value":"input/operations"},{"code":"path-resource","value":"input/profiles"},{"code":"path-resource","value":"input/resources"},{"code":"path-resource","value":"input/vocabulary"},{"code":"path-resource","value":"input/maps"},{"code":"path-resource","value":"input/testing"},{"code":"path-resource","value":"input/history"},{"code":"path-resource","value":"fsh-generated/resources"},{"code":"path-pages","value":"template/config"},{"code":"path-pages","value":"input/images"},{"code":"path-tx-cache","value":"input-cache/txcache"}]}}