{"resourceType":"ImplementationGuide","id":"saraalert-fhir","text":{"status":"extensions","div":"<div xmlns=\"http://www.w3.org/1999/xhtml\"><h2>SaraAlert</h2><p>The official URL for this implementation guide is: </p><pre>http://saraalert.org/ImplementationGuide/saraalert-fhir</pre></div>"},"url":"http://saraalert.org/ImplementationGuide/saraalert-fhir","version":"1.0.0","name":"SaraAlert","status":"active","date":"2021-05-17T13:06:35-05:00","publisher":"The MITRE Corporation","contact":[{"name":"The MITRE Corporation","telecom":[{"system":"url","value":"http://www.mitre.org"}]}],"packageId":"saraalert-fhir","license":"CC0-1.0","fhirVersion":["4.0.1"],"dependsOn":[{"id":"hl7_fhir_us_core","uri":"http://hl7.org/fhir/us/core/ImplementationGuide/hl7.fhir.us.core","packageId":"hl7.fhir.us.core","version":"3.1.0"}],"definition":{"extension":[{"extension":[{"url":"code","valueString":"copyrightyear"},{"url":"value","valueString":"2020+"}],"url":"http://hl7.org/fhir/tools/StructureDefinition/ig-parameter"},{"extension":[{"url":"code","valueString":"releaselabel"},{"url":"value","valueString":"Build CI"}],"url":"http://hl7.org/fhir/tools/StructureDefinition/ig-parameter"},{"extension":[{"url":"code","valueString":"apply-contact"},{"url":"value","valueString":"true"}],"url":"http://hl7.org/fhir/tools/StructureDefinition/ig-parameter"},{"extension":[{"url":"code","valueString":"apply-jurisdiction"},{"url":"value","valueString":"false"}],"url":"http://hl7.org/fhir/tools/StructureDefinition/ig-parameter"},{"extension":[{"url":"code","valueString":"apply-publisher"},{"url":"value","valueString":"true"}],"url":"http://hl7.org/fhir/tools/StructureDefinition/ig-parameter"},{"extension":[{"url":"code","valueString":"autoload-resources"},{"url":"value","valueString":"true"}],"url":"http://hl7.org/fhir/tools/StructureDefinition/ig-parameter"},{"extension":[{"url":"code","valueString":"path-liquid"},{"url":"value","valueString":"template/liquid"}],"url":"http://hl7.org/fhir/tools/StructureDefinition/ig-parameter"},{"extension":[{"url":"code","valueString":"path-liquid"},{"url":"value","valueString":"input/liquid"}],"url":"http://hl7.org/fhir/tools/StructureDefinition/ig-parameter"},{"extension":[{"url":"code","valueString":"path-qa"},{"url":"value","valueString":"temp/qa"}],"url":"http://hl7.org/fhir/tools/StructureDefinition/ig-parameter"},{"extension":[{"url":"code","valueString":"path-temp"},{"url":"value","valueString":"temp/pages"}],"url":"http://hl7.org/fhir/tools/StructureDefinition/ig-parameter"},{"extension":[{"url":"code","valueString":"path-output"},{"url":"value","valueString":"output"}],"url":"http://hl7.org/fhir/tools/StructureDefinition/ig-parameter"},{"extension":[{"url":"code","valueString":"path-suppressed-warnings"},{"url":"value","valueString":"input/ignoreWarnings.txt"}],"url":"http://hl7.org/fhir/tools/StructureDefinition/ig-parameter"},{"extension":[{"url":"code","valueString":"path-history"},{"url":"value","valueString":"http://saraalert.org/history.html"}],"url":"http://hl7.org/fhir/tools/StructureDefinition/ig-parameter"},{"extension":[{"url":"code","valueString":"template-html"},{"url":"value","valueString":"template-page.html"}],"url":"http://hl7.org/fhir/tools/StructureDefinition/ig-parameter"},{"extension":[{"url":"code","valueString":"template-md"},{"url":"value","valueString":"template-page-md.html"}],"url":"http://hl7.org/fhir/tools/StructureDefinition/ig-parameter"},{"extension":[{"url":"code","valueString":"apply-context"},{"url":"value","valueString":"true"}],"url":"http://hl7.org/fhir/tools/StructureDefinition/ig-parameter"},{"extension":[{"url":"code","valueString":"apply-copyright"},{"url":"value","valueString":"true"}],"url":"http://hl7.org/fhir/tools/StructureDefinition/ig-parameter"},{"extension":[{"url":"code","valueString":"apply-license"},{"url":"value","valueString":"true"}],"url":"http://hl7.org/fhir/tools/StructureDefinition/ig-parameter"},{"extension":[{"url":"code","valueString":"apply-version"},{"url":"value","valueString":"true"}],"url":"http://hl7.org/fhir/tools/StructureDefinition/ig-parameter"},{"extension":[{"url":"code","valueString":"active-tables"},{"url":"value","valueString":"true"}],"url":"http://hl7.org/fhir/tools/StructureDefinition/ig-parameter"}],"grouping":[{"id":"_str_profile","name":"Structures: Resource Profiles","description":"These define constraints on FHIR resources for systems conforming to this implementation guide"},{"id":"_str_extension","name":"Structures: Extension Definitions","description":"These define constraints on FHIR data types for systems conforming to this implementation guide"},{"id":"_term_valueset","name":"Terminology: Value Sets","description":"These define sets of codes used by systems conforming to this implementation guide"}],"resource":[{"extension":[{"url":"http://hl7.org/fhir/StructureDefinition/implementationguide-page","valueUri":"StructureDefinition-sara-alert-immunization.html"}],"reference":{"reference":"StructureDefinition/sara-alert-immunization"},"name":"Sara Alert Immunization Profile","description":"The Sara Alert Immunization profile represents a vaccination of a monitoree.","exampleBoolean":false,"groupingId":"_str_profile"},{"extension":[{"url":"http://hl7.org/fhir/StructureDefinition/implementationguide-page","valueUri":"StructureDefinition-sara-alert-observation.html"}],"reference":{"reference":"StructureDefinition/sara-alert-observation"},"name":"Sara Alert Observation Profile","description":"The Sara Alert Observation profile represents a monitoree lab result.","exampleBoolean":false,"groupingId":"_str_profile"},{"extension":[{"url":"http://hl7.org/fhir/StructureDefinition/implementationguide-page","valueUri":"StructureDefinition-sara-alert-patient.html"}],"reference":{"reference":"StructureDefinition/sara-alert-patient"},"name":"Sara Alert Patient Profile","description":"Sara Alert outputs additional extensions on Patient resources","exampleBoolean":false,"groupingId":"_str_profile"},{"extension":[{"url":"http://hl7.org/fhir/StructureDefinition/implementationguide-page","valueUri":"StructureDefinition-sara-alert-questionnaire-response.html"}],"reference":{"reference":"StructureDefinition/sara-alert-questionnaire-response"},"name":"Sara Alert QuestionnaireResponse Profile","description":"The Sara Alert QuestionnaireResponse profile represents a monitoree daily report.","exampleBoolean":false,"groupingId":"_str_profile"},{"extension":[{"url":"http://hl7.org/fhir/StructureDefinition/implementationguide-page","valueUri":"StructureDefinition-sara-alert-related-person.html"}],"reference":{"reference":"StructureDefinition/sara-alert-related-person"},"name":"Sara Alert RelatedPerson Profile","description":"The Sara Alert RelatedPerson profile represents a close contact of a monitoree.","exampleBoolean":false,"groupingId":"_str_profile"},{"extension":[{"url":"http://hl7.org/fhir/StructureDefinition/implementationguide-page","valueUri":"StructureDefinition-additional-planned-travel-notes.html"}],"reference":{"reference":"StructureDefinition/additional-planned-travel-notes"},"name":"Additional Planned Travel Notes","description":"Represents any additional notes about the monitoree’s planned travel. This can include details about the nature of the trip, planned social interaction, additional destinations, etc.","exampleBoolean":false,"groupingId":"_str_extension"},{"extension":[{"url":"http://hl7.org/fhir/StructureDefinition/implementationguide-page","valueUri":"StructureDefinition-additional-planned-travel-start-date.html"}],"reference":{"reference":"StructureDefinition/additional-planned-travel-start-date"},"name":"Additional Planned Travel Start Date","description":"Represents the date that the monitoree is planning to begin their additional travel.","exampleBoolean":false,"groupingId":"_str_extension"},{"extension":[{"url":"http://hl7.org/fhir/StructureDefinition/implementationguide-page","valueUri":"StructureDefinition-address-type.html"}],"reference":{"reference":"StructureDefinition/address-type"},"name":"Address Type","description":"Indicates if a monitoree's address is within the USA, or outside of the USA (options are: `USA` and `Foreign`). The extension only has meaning when used on the 'Patient.address' element. If this extension is not present the address is assumed to be within the USA.","exampleBoolean":false,"groupingId":"_str_extension"},{"extension":[{"url":"http://hl7.org/fhir/StructureDefinition/implementationguide-page","valueUri":"StructureDefinition-assigned-user.html"}],"reference":{"reference":"StructureDefinition/assigned-user"},"name":"Assigned User","description":"Represents the user or group within a jurisdiction responsible for monitoring a monitoree.","exampleBoolean":false,"groupingId":"_str_extension"},{"extension":[{"url":"http://hl7.org/fhir/StructureDefinition/implementationguide-page","valueUri":"StructureDefinition-contact-attempts.html"}],"reference":{"reference":"StructureDefinition/contact-attempts"},"name":"Contact Attempts","description":"Represents the number of times that a close contact of a monitoree has been contacted.","exampleBoolean":false,"groupingId":"_str_extension"},{"extension":[{"url":"http://hl7.org/fhir/StructureDefinition/implementationguide-page","valueUri":"StructureDefinition-continuous-exposure.html"}],"reference":{"reference":"StructureDefinition/continuous-exposure"},"name":"Continuous Exposure","description":"Indicates if a monitoree's exposure to one or more cases is ongoing. This type of exposure means there is no known 'Last Date of Exposure'","exampleBoolean":false,"groupingId":"_str_extension"},{"extension":[{"url":"http://hl7.org/fhir/StructureDefinition/implementationguide-page","valueUri":"StructureDefinition-date-of-arrival.html"}],"reference":{"reference":"StructureDefinition/date-of-arrival"},"name":"Date of Arrival","description":"Represents when the monitoree entered the United States after travel.","exampleBoolean":false,"groupingId":"_str_extension"},{"extension":[{"url":"http://hl7.org/fhir/StructureDefinition/implementationguide-page","valueUri":"StructureDefinition-date-of-departure.html"}],"reference":{"reference":"StructureDefinition/date-of-departure"},"name":"Date of Departure","description":"Represents the date that the monitoree traveled from the Port of Origin to the United States.","exampleBoolean":false,"groupingId":"_str_extension"},{"extension":[{"url":"http://hl7.org/fhir/StructureDefinition/implementationguide-page","valueUri":"StructureDefinition-enrolled-patient.html"}],"reference":{"reference":"StructureDefinition/enrolled-patient"},"name":"Enrolled Patient","description":"References the monitoree that corresponds to the close contact, if such a monitoree exists.","exampleBoolean":false,"groupingId":"_str_extension"},{"extension":[{"url":"http://hl7.org/fhir/StructureDefinition/implementationguide-page","valueUri":"StructureDefinition-exposure-notes.html"}],"reference":{"reference":"StructureDefinition/exposure-notes"},"name":"Exposure Notes","description":"Represents any additional notes about the monitoree’s exposure history or case information history. This can include details about the interaction with a known case, high risk activities, common exposure, etc.","exampleBoolean":false,"groupingId":"_str_extension"},{"extension":[{"url":"http://hl7.org/fhir/StructureDefinition/implementationguide-page","valueUri":"StructureDefinition-flight-or-vessel-carrier.html"}],"reference":{"reference":"StructureDefinition/flight-or-vessel-carrier"},"name":"Flight or Vessel Carrier","description":"Represents the carrier, operating company, or provider of the flight or vessel.","exampleBoolean":false,"groupingId":"_str_extension"},{"extension":[{"url":"http://hl7.org/fhir/StructureDefinition/implementationguide-page","valueUri":"StructureDefinition-flight-or-vessel-number.html"}],"reference":{"reference":"StructureDefinition/flight-or-vessel-number"},"name":"Flight or Vessel Number","description":"Represents the plane, train, ship, or other vessel that the monitoree used to travel to their destination.","exampleBoolean":false,"groupingId":"_str_extension"},{"extension":[{"url":"http://hl7.org/fhir/StructureDefinition/implementationguide-page","valueUri":"StructureDefinition-full-assigned-jurisdiction-path.html"}],"reference":{"reference":"StructureDefinition/full-assigned-jurisdiction-path"},"name":"Full Assigned Jurisdiction Path","description":"Represents the jurisdiction in which this monitoree is enrolled.","exampleBoolean":false,"groupingId":"_str_extension"},{"extension":[{"url":"http://hl7.org/fhir/StructureDefinition/implementationguide-page","valueUri":"StructureDefinition-isolation.html"}],"reference":{"reference":"StructureDefinition/isolation"},"name":"Isolation","description":"If the monitoree should be in the isolation workflow (omitting this extension defaults this value to false, leaving the monitoree in the exposure workflow.","exampleBoolean":false,"groupingId":"_str_extension"},{"extension":[{"url":"http://hl7.org/fhir/StructureDefinition/implementationguide-page","valueUri":"StructureDefinition-last-date-of-exposure.html"}],"reference":{"reference":"StructureDefinition/last-date-of-exposure"},"name":"Last Date of Exposure","description":"When the monitoree`s last exposure occurred for use in the Sara Alert exposure workflow.","exampleBoolean":false,"groupingId":"_str_extension"},{"extension":[{"url":"http://hl7.org/fhir/StructureDefinition/implementationguide-page","valueUri":"StructureDefinition-monitoring-plan.html"}],"reference":{"reference":"StructureDefinition/monitoring-plan"},"name":"Monitoring Plan","description":"Represents the monitoring approach selected by public health based on CDC or local guidance (options are: `None`, `Daily active monitoring`, `Self-monitoring with public health supervision`, `Self-monitoring with delegated supervision`, `Self-observation`).","exampleBoolean":false,"groupingId":"_str_extension"},{"extension":[{"url":"http://hl7.org/fhir/StructureDefinition/implementationguide-page","valueUri":"StructureDefinition-notes.html"}],"reference":{"reference":"StructureDefinition/notes"},"name":"Notes","description":"Represents general notes used to describe a close contact of a monitoree.","exampleBoolean":false,"groupingId":"_str_extension"},{"extension":[{"url":"http://hl7.org/fhir/StructureDefinition/implementationguide-page","valueUri":"StructureDefinition-phone-type.html"}],"reference":{"reference":"StructureDefinition/phone-type"},"name":"Phone Type","description":"Represents the type of phone attached to the phone number. This field can be used to determine a monitoree’s ability to receive SMS Texted Weblink, Telephone call, or SMS Text-message during the selection of Preferred Reporting Method (options are: `Smartphone`, `Landline`, `Plain Cell`).","exampleBoolean":false,"groupingId":"_str_extension"},{"extension":[{"url":"http://hl7.org/fhir/StructureDefinition/implementationguide-page","valueUri":"StructureDefinition-port-of-origin.html"}],"reference":{"reference":"StructureDefinition/port-of-origin"},"name":"Port of Origin","description":"Represents the airport, station, or docking point that the monitoree traveled from.","exampleBoolean":false,"groupingId":"_str_extension"},{"extension":[{"url":"http://hl7.org/fhir/StructureDefinition/implementationguide-page","valueUri":"StructureDefinition-preferred-contact-method.html"}],"reference":{"reference":"StructureDefinition/preferred-contact-method"},"name":"Preferred Contact Method","description":"Represents the form in which the monitoree receives their daily symptom reports (options are: `E-mailed Web Link`, `SMS Texted Weblink`, `Telephone call`, and `SMS Text-message`).","exampleBoolean":false,"groupingId":"_str_extension"},{"extension":[{"url":"http://hl7.org/fhir/StructureDefinition/implementationguide-page","valueUri":"StructureDefinition-preferred-contact-time.html"}],"reference":{"reference":"StructureDefinition/preferred-contact-time"},"name":"Preferred Contact Time","description":"Represents the time period that the system sends out symptom reports to a monitoree (options are: `Morning`, `Afternoon`, `Evening`).","exampleBoolean":false,"groupingId":"_str_extension"},{"extension":[{"url":"http://hl7.org/fhir/StructureDefinition/implementationguide-page","valueUri":"StructureDefinition-symptom-onset-date.html"}],"reference":{"reference":"StructureDefinition/symptom-onset-date"},"name":"Symptom Onset Date","description":"When the monitoree`s first symptoms appeared for use in the Sara Alert isolation workflow.","exampleBoolean":false,"groupingId":"_str_extension"},{"extension":[{"url":"http://hl7.org/fhir/StructureDefinition/implementationguide-page","valueUri":"StructureDefinition-travel-related-notes.html"}],"reference":{"reference":"StructureDefinition/travel-related-notes"},"name":"Travel Related Notes","description":"Represents any additional notes about the monitoree’s travel history. This can include details about the nature of the trip, contact with anyone symptomatic, original country departed from, etc.","exampleBoolean":false,"groupingId":"_str_extension"},{"extension":[{"url":"http://hl7.org/fhir/StructureDefinition/implementationguide-page","valueUri":"ValueSet-covid-19-vaccines.html"}],"reference":{"reference":"ValueSet/covid-19-vaccines"},"name":"COVID-19 Vaccines Value Set","exampleBoolean":false,"groupingId":"_term_valueset"},{"extension":[{"url":"http://hl7.org/fhir/StructureDefinition/implementationguide-page","valueUri":"ValueSet-SaraAlertLanguage.html"}],"reference":{"reference":"ValueSet/SaraAlertLanguage"},"name":"Sara Alert Language ValueSet","description":"This ValueSet lists the allowed values for setting \"Primary Language\" and \"Secondary Language\"\nin Sara Alert. Either the \"Code\" value or the \"Display\" value may be used. In cases where the 2-letter\nISO 639-1 code is listed, the corresponding 3-letter ISO 639-2 code may also be used.","exampleBoolean":false,"groupingId":"_term_valueset"}],"page":{"nameUrl":"toc.html","title":"Table of Contents","generation":"html","page":[{"nameUrl":"index.html","title":"Home","generation":"markdown"},{"nameUrl":"artifacts.html","title":"Artifacts Summary","generation":"html","page":[{"nameUrl":"StructureDefinition-sara-alert-immunization.html","title":"Sara Alert Immunization Profile","generation":"generated"},{"nameUrl":"StructureDefinition-sara-alert-observation.html","title":"Sara Alert Observation Profile","generation":"generated"},{"nameUrl":"StructureDefinition-sara-alert-patient.html","title":"Sara Alert Patient Profile","generation":"generated"},{"nameUrl":"StructureDefinition-sara-alert-questionnaire-response.html","title":"Sara Alert QuestionnaireResponse Profile","generation":"generated"},{"nameUrl":"StructureDefinition-sara-alert-related-person.html","title":"Sara Alert RelatedPerson Profile","generation":"generated"},{"nameUrl":"StructureDefinition-additional-planned-travel-notes.html","title":"Additional Planned Travel Notes","generation":"generated"},{"nameUrl":"StructureDefinition-additional-planned-travel-start-date.html","title":"Additional Planned Travel Start Date","generation":"generated"},{"nameUrl":"StructureDefinition-address-type.html","title":"Address Type","generation":"generated"},{"nameUrl":"StructureDefinition-assigned-user.html","title":"Assigned User","generation":"generated"},{"nameUrl":"StructureDefinition-contact-attempts.html","title":"Contact Attempts","generation":"generated"},{"nameUrl":"StructureDefinition-continuous-exposure.html","title":"Continuous Exposure","generation":"generated"},{"nameUrl":"StructureDefinition-date-of-arrival.html","title":"Date of Arrival","generation":"generated"},{"nameUrl":"StructureDefinition-date-of-departure.html","title":"Date of Departure","generation":"generated"},{"nameUrl":"StructureDefinition-enrolled-patient.html","title":"Enrolled Patient","generation":"generated"},{"nameUrl":"StructureDefinition-exposure-notes.html","title":"Exposure Notes","generation":"generated"},{"nameUrl":"StructureDefinition-flight-or-vessel-carrier.html","title":"Flight or Vessel Carrier","generation":"generated"},{"nameUrl":"StructureDefinition-flight-or-vessel-number.html","title":"Flight or Vessel Number","generation":"generated"},{"nameUrl":"StructureDefinition-full-assigned-jurisdiction-path.html","title":"Full Assigned Jurisdiction Path","generation":"generated"},{"nameUrl":"StructureDefinition-isolation.html","title":"Isolation","generation":"generated"},{"nameUrl":"StructureDefinition-last-date-of-exposure.html","title":"Last Date of Exposure","generation":"generated"},{"nameUrl":"StructureDefinition-monitoring-plan.html","title":"Monitoring Plan","generation":"generated"},{"nameUrl":"StructureDefinition-notes.html","title":"Notes","generation":"generated"},{"nameUrl":"StructureDefinition-phone-type.html","title":"Phone Type","generation":"generated"},{"nameUrl":"StructureDefinition-port-of-origin.html","title":"Port of Origin","generation":"generated"},{"nameUrl":"StructureDefinition-preferred-contact-method.html","title":"Preferred Contact Method","generation":"generated"},{"nameUrl":"StructureDefinition-preferred-contact-time.html","title":"Preferred Contact Time","generation":"generated"},{"nameUrl":"StructureDefinition-symptom-onset-date.html","title":"Symptom Onset Date","generation":"generated"},{"nameUrl":"StructureDefinition-travel-related-notes.html","title":"Travel Related Notes","generation":"generated"},{"nameUrl":"ValueSet-covid-19-vaccines.html","title":"COVID-19 Vaccines Value Set","generation":"generated"},{"nameUrl":"ValueSet-SaraAlertLanguage.html","title":"Sara Alert Language ValueSet","generation":"generated"}]}]},"parameter":[{"code":"path-resource","value":"input/capabilities"},{"code":"path-resource","value":"input/examples"},{"code":"path-resource","value":"input/extensions"},{"code":"path-resource","value":"input/models"},{"code":"path-resource","value":"input/operations"},{"code":"path-resource","value":"input/profiles"},{"code":"path-resource","value":"input/resources"},{"code":"path-resource","value":"input/vocabulary"},{"code":"path-resource","value":"input/maps"},{"code":"path-resource","value":"input/testing"},{"code":"path-resource","value":"input/history"},{"code":"path-resource","value":"fsh-generated/resources"},{"code":"path-pages","value":"template/config"},{"code":"path-pages","value":"input/images"},{"code":"path-tx-cache","value":"input-cache/txcache"}]}}