{"resourceType":"ValueSet","id":"SaraAlertLanguage","text":{"status":"generated","div":"<div xmlns=\"http://www.w3.org/1999/xhtml\"><ul><li>Include these codes as defined in <a href=\"http://terminology.hl7.org/2.1.0/CodeSystem-v3-ietf3066.html\"><code>urn:ietf:bcp:47</code></a><table class=\"none\"><tr><td style=\"white-space:nowrap\"><b>Code</b></td><td><b>Display</b></td></tr><tr><td>aa</td><td>Afar</td></tr><tr><td>ab</td><td>Abkhazian</td></tr><tr><td>ace</td><td>Achinese</td></tr><tr><td>ach</td><td>Acoli</td></tr><tr><td>ada</td><td>Adangme</td></tr><tr><td>ady</td><td>Adyghe</td></tr><tr><td>af</td><td>Afrikaans</td></tr><tr><td>ain</td><td>Ainu (Japan)</td></tr><tr><td>ak</td><td>Akan</td></tr><tr><td>ale</td><td>Aleut</td></tr><tr><td>alt</td><td>Southern Altai</td></tr><tr><td>am</td><td>Amharic</td></tr><tr><td>anp</td><td>Angika</td></tr><tr><td>ar</td><td>Arabic</td></tr><tr><td>an</td><td>Aragonese</td></tr><tr><td>arn</td><td>Mapudungun</td></tr><tr><td>arp</td><td>Arapaho</td></tr><tr><td>arw</td><td>Arawak</td></tr><tr><td>ase</td><td>American Sign Language</td></tr><tr><td>as</td><td>Assamese</td></tr><tr><td>ast</td><td>Asturian</td></tr><tr><td>av</td><td>Avaric</td></tr><tr><td>awa</td><td>Awadhi</td></tr><tr><td>ay</td><td>Aymara</td></tr><tr><td>az</td><td>Azerbaijani</td></tr><tr><td>ba</td><td>Bashkir</td></tr><tr><td>bal</td><td>Baluchi</td></tr><tr><td>bm</td><td>Bambara</td></tr><tr><td>ban</td><td>Balinese</td></tr><tr><td>bas</td><td>Basa (Cameroon)</td></tr><tr><td>bej</td><td>Beja</td></tr><tr><td>be</td><td>Belarusian</td></tr><tr><td>bem</td><td>Bemba (Zambia)</td></tr><tr><td>bn</td><td>Bengali</td></tr><tr><td>bho</td><td>Bhojpuri</td></tr><tr><td>bik</td><td>Bikol</td></tr><tr><td>bin</td><td>Bini</td></tr><tr><td>bi</td><td>Bislama</td></tr><tr><td>bla</td><td>Siksika</td></tr><tr><td>bo</td><td>Tibetan</td></tr><tr><td>bs</td><td>Bosnian</td></tr><tr><td>bra</td><td>Braj</td></tr><tr><td>br</td><td>Breton</td></tr><tr><td>bua</td><td>Buriat</td></tr><tr><td>bug</td><td>Buginese</td></tr><tr><td>bg</td><td>Bulgarian</td></tr><tr><td>byn</td><td>Bilin</td></tr><tr><td>cad</td><td>Caddo</td></tr><tr><td>car</td><td>Galibi Carib</td></tr><tr><td>ca</td><td>Catalan</td></tr><tr><td>ceb</td><td>Cebuano</td></tr><tr><td>cs</td><td>Czech</td></tr><tr><td>ch</td><td>Chamorro</td></tr><tr><td>ce</td><td>Chechen</td></tr><tr><td>chk</td><td>Chuukese</td></tr><tr><td>chm</td><td>Mari (Russia)</td></tr><tr><td>chn</td><td>Chinook jargon</td></tr><tr><td>cho</td><td>Choctaw</td></tr><tr><td>chp</td><td>Chipewyan</td></tr><tr><td>chr</td><td>Cherokee</td></tr><tr><td>cv</td><td>Chuvash</td></tr><tr><td>chy</td><td>Cheyenne</td></tr><tr><td>cnr</td><td>Montenegrin</td></tr><tr><td>kw</td><td>Cornish</td></tr><tr><td>co</td><td>Corsican</td></tr><tr><td>cr</td><td>Cree</td></tr><tr><td>crh</td><td>Crimean Tatar</td></tr><tr><td>csb</td><td>Kashubian</td></tr><tr><td>cy</td><td>Welsh</td></tr><tr><td>dak</td><td>Dakota</td></tr><tr><td>da</td><td>Danish</td></tr><tr><td>dar</td><td>Dargwa</td></tr><tr><td>del</td><td>Delaware</td></tr><tr><td>den</td><td>Slave (Athapascan)</td></tr><tr><td>de</td><td>German</td></tr><tr><td>dgr</td><td>Dogrib</td></tr><tr><td>din</td><td>Dinka</td></tr><tr><td>dv</td><td>Dhivehi</td></tr><tr><td>doi</td><td>Dogri</td></tr><tr><td>dsb</td><td>Lower Sorbian</td></tr><tr><td>dua</td><td>Duala</td></tr><tr><td>dyu</td><td>Dyula</td></tr><tr><td>dz</td><td>Dzongkha</td></tr><tr><td>efi</td><td>Efik</td></tr><tr><td>eka</td><td>Ekajuk</td></tr><tr><td>el</td><td>Greek</td></tr><tr><td>en</td><td>English</td></tr><tr><td>et</td><td>Estonian</td></tr><tr><td>eu</td><td>Basque</td></tr><tr><td>ee</td><td>Ewe</td></tr><tr><td>ewo</td><td>Ewondo</td></tr><tr><td>fan</td><td>Fang (Equatorial Guinea)</td></tr><tr><td>fo</td><td>Faroese</td></tr><tr><td>fa</td><td>Persian</td></tr><tr><td>fat</td><td>Fanti</td></tr><tr><td>fj</td><td>Fijian</td></tr><tr><td>fil</td><td>Filipino</td></tr><tr><td>fi</td><td>Finnish</td></tr><tr><td>fon</td><td>Fon</td></tr><tr><td>fr</td><td>French</td></tr><tr><td>frr</td><td>Northern Frisian</td></tr><tr><td>frs</td><td>Eastern Frisian</td></tr><tr><td>fy</td><td>Western Frisian</td></tr><tr><td>ff</td><td>Fulah</td></tr><tr><td>fur</td><td>Friulian</td></tr><tr><td>gaa</td><td>Ga</td></tr><tr><td>gay</td><td>Gayo</td></tr><tr><td>gba</td><td>Gbaya (Central African Republic)</td></tr><tr><td>gil</td><td>Gilbertese</td></tr><tr><td>gd</td><td>Scottish Gaelic</td></tr><tr><td>ga</td><td>Irish</td></tr><tr><td>gl</td><td>Galician</td></tr><tr><td>gv</td><td>Manx</td></tr><tr><td>gon</td><td>Gondi</td></tr><tr><td>gor</td><td>Gorontalo</td></tr><tr><td>grb</td><td>Grebo</td></tr><tr><td>gn</td><td>Guarani</td></tr><tr><td>gsw</td><td>Swiss German</td></tr><tr><td>gu</td><td>Gujarati</td></tr><tr><td>gwi</td><td>Gwich'in</td></tr><tr><td>hai</td><td>Haida</td></tr><tr><td>ht</td><td>Haitian</td></tr><tr><td>ha</td><td>Hausa</td></tr><tr><td>haw</td><td>Hawaiian</td></tr><tr><td>he</td><td>Hebrew</td></tr><tr><td>hz</td><td>Herero</td></tr><tr><td>hil</td><td>Hiligaynon</td></tr><tr><td>hi</td><td>Hindi</td></tr><tr><td>hmn</td><td>Hmong</td></tr><tr><td>ho</td><td>Hiri Motu</td></tr><tr><td>hr</td><td>Croatian</td></tr><tr><td>hsb</td><td>Upper Sorbian</td></tr><tr><td>hu</td><td>Hungarian</td></tr><tr><td>hup</td><td>Hupa</td></tr><tr><td>hy</td><td>Armenian</td></tr><tr><td>iba</td><td>Iban</td></tr><tr><td>ig</td><td>Igbo</td></tr><tr><td>ii</td><td>Sichuan Yi</td></tr><tr><td>iu</td><td>Inuktitut</td></tr><tr><td>ilo</td><td>Iloko</td></tr><tr><td>id</td><td>Indonesian</td></tr><tr><td>inh</td><td>Ingush</td></tr><tr><td>ik</td><td>Inupiaq</td></tr><tr><td>is</td><td>Icelandic</td></tr><tr><td>it</td><td>Italian</td></tr><tr><td>jv</td><td>Javanese</td></tr><tr><td>ja</td><td>Japanese</td></tr><tr><td>jpr</td><td>Judeo-Persian</td></tr><tr><td>jrb</td><td>Judeo-Arabic</td></tr><tr><td>kaa</td><td>Kara-Kalpak</td></tr><tr><td>kab</td><td>Kabyle</td></tr><tr><td>kac</td><td>Kachin</td></tr><tr><td>kl</td><td>Kalaallisut</td></tr><tr><td>kam</td><td>Kamba (Kenya)</td></tr><tr><td>kn</td><td>Kannada</td></tr><tr><td>ks</td><td>Kashmiri</td></tr><tr><td>ka</td><td>Georgian</td></tr><tr><td>kr</td><td>Kanuri</td></tr><tr><td>kk</td><td>Kazakh</td></tr><tr><td>kbd</td><td>Kabardian</td></tr><tr><td>kha</td><td>Khasi</td></tr><tr><td>km</td><td>Khmer</td></tr><tr><td>ki</td><td>Kikuyu</td></tr><tr><td>rw</td><td>Kinyarwanda</td></tr><tr><td>ky</td><td>Kirghiz</td></tr><tr><td>kmb</td><td>Kimbundu</td></tr><tr><td>kok</td><td>Konkani</td></tr><tr><td>kv</td><td>Komi</td></tr><tr><td>kg</td><td>Kongo</td></tr><tr><td>ko</td><td>Korean</td></tr><tr><td>kos</td><td>Kosraean</td></tr><tr><td>kpe</td><td>Kpelle</td></tr><tr><td>krc</td><td>Karachay-Balkar</td></tr><tr><td>krl</td><td>Karelian</td></tr><tr><td>kru</td><td>Kurukh</td></tr><tr><td>kj</td><td>Kuanyama</td></tr><tr><td>kum</td><td>Kumyk</td></tr><tr><td>ku</td><td>Kurdish</td></tr><tr><td>kut</td><td>Kutenai</td></tr><tr><td>lad</td><td>Ladino</td></tr><tr><td>lah</td><td>Lahnda</td></tr><tr><td>lam</td><td>Lamba</td></tr><tr><td>lo</td><td>Lao</td></tr><tr><td>lv</td><td>Latvian</td></tr><tr><td>lez</td><td>Lezghian</td></tr><tr><td>li</td><td>Limburgan</td></tr><tr><td>ln</td><td>Lingala</td></tr><tr><td>lt</td><td>Lithuanian</td></tr><tr><td>lol</td><td>Mongo</td></tr><tr><td>loz</td><td>Lozi</td></tr><tr><td>lb</td><td>Luxembourgish</td></tr><tr><td>lua</td><td>Luba-Lulua</td></tr><tr><td>lu</td><td>Luba-Katanga</td></tr><tr><td>lg</td><td>Ganda</td></tr><tr><td>lun</td><td>Lunda</td></tr><tr><td>luo</td><td>Luo (Kenya and Tanzania)</td></tr><tr><td>lus</td><td>Lushai</td></tr><tr><td>mad</td><td>Madurese</td></tr><tr><td>mag</td><td>Magahi</td></tr><tr><td>mh</td><td>Marshallese</td></tr><tr><td>mai</td><td>Maithili</td></tr><tr><td>mak</td><td>Makasar</td></tr><tr><td>ml</td><td>Malayalam</td></tr><tr><td>man</td><td>Mandingo</td></tr><tr><td>mr</td><td>Marathi</td></tr><tr><td>mas</td><td>Masai</td></tr><tr><td>mdf</td><td>Moksha</td></tr><tr><td>mdr</td><td>Mandar</td></tr><tr><td>men</td><td>Mende (Sierra Leone)</td></tr><tr><td>mic</td><td>Mi'kmaq</td></tr><tr><td>min</td><td>Minangkabau</td></tr><tr><td>mk</td><td>Macedonian</td></tr><tr><td>mg</td><td>Malagasy</td></tr><tr><td>mt</td><td>Maltese</td></tr><tr><td>mnc</td><td>Manchu</td></tr><tr><td>mni</td><td>Manipuri</td></tr><tr><td>moh</td><td>Mohawk</td></tr><tr><td>mn</td><td>Mongolian</td></tr><tr><td>mos</td><td>Mossi</td></tr><tr><td>mi</td><td>Maori</td></tr><tr><td>ms</td><td>Malay</td></tr><tr><td>mus</td><td>Creek</td></tr><tr><td>mwl</td><td>Mirandese</td></tr><tr><td>mwr</td><td>Marwari</td></tr><tr><td>my</td><td>Burmese</td></tr><tr><td>myv</td><td>Erzya</td></tr><tr><td>nap</td><td>Neapolitan</td></tr><tr><td>na</td><td>Nauru</td></tr><tr><td>nv</td><td>Navajo</td></tr><tr><td>nr</td><td>South Ndebele</td></tr><tr><td>nd</td><td>North Ndebele</td></tr><tr><td>ng</td><td>Ndonga</td></tr><tr><td>nds</td><td>Low German</td></tr><tr><td>ne</td><td>Nepali</td></tr><tr><td>new</td><td>Newari</td></tr><tr><td>nia</td><td>Nias</td></tr><tr><td>niu</td><td>Niuean</td></tr><tr><td>nl</td><td>Dutch</td></tr><tr><td>nn</td><td>Norwegian Nynorsk</td></tr><tr><td>nb</td><td>Norwegian Bokmål</td></tr><tr><td>nog</td><td>Nogai</td></tr><tr><td>no</td><td>Norwegian</td></tr><tr><td>nqo</td><td>N'Ko</td></tr><tr><td>nso</td><td>Pedi</td></tr><tr><td>ny</td><td>Nyanja</td></tr><tr><td>nym</td><td>Nyamwezi</td></tr><tr><td>nyn</td><td>Nyankole</td></tr><tr><td>nyo</td><td>Nyoro</td></tr><tr><td>nzi</td><td>Nzima</td></tr><tr><td>oc</td><td>Occitan</td></tr><tr><td>oj</td><td>Ojibwa</td></tr><tr><td>or</td><td>Oriya</td></tr><tr><td>om</td><td>Oromo</td></tr><tr><td>osa</td><td>Osage</td></tr><tr><td>os</td><td>Ossetian</td></tr><tr><td>pag</td><td>Pangasinan</td></tr><tr><td>pam</td><td>Pampanga</td></tr><tr><td>pa</td><td>Panjabi</td></tr><tr><td>pap</td><td>Papiamento</td></tr><tr><td>pau</td><td>Palauan</td></tr><tr><td>pl</td><td>Polish</td></tr><tr><td>pon</td><td>Pohnpeian</td></tr><tr><td>pt</td><td>Portuguese</td></tr><tr><td>ps</td><td>Pushto</td></tr><tr><td>qu</td><td>Quechua</td></tr><tr><td>raj</td><td>Rajasthani</td></tr><tr><td>rap</td><td>Rapanui</td></tr><tr><td>rar</td><td>Rarotongan</td></tr><tr><td>rm</td><td>Romansh</td></tr><tr><td>rom</td><td>Romany</td></tr><tr><td>ro</td><td>Romanian</td></tr><tr><td>rn</td><td>Rundi</td></tr><tr><td>rup</td><td>Macedo-Romanian</td></tr><tr><td>ru</td><td>Russian</td></tr><tr><td>sad</td><td>Sandawe</td></tr><tr><td>sg</td><td>Sango</td></tr><tr><td>sah</td><td>Yakut</td></tr><tr><td>sas</td><td>Sasak</td></tr><tr><td>sat</td><td>Santali</td></tr><tr><td>scn</td><td>Sicilian</td></tr><tr><td>sco</td><td>Scots</td></tr><tr><td>sel</td><td>Selkup</td></tr><tr><td>shn</td><td>Shan</td></tr><tr><td>sid</td><td>Sidamo</td></tr><tr><td>si</td><td>Sinhala</td></tr><tr><td>sk</td><td>Slovak</td></tr><tr><td>sl</td><td>Slovenian</td></tr><tr><td>sma</td><td>Southern Sami</td></tr><tr><td>se</td><td>Northern Sami</td></tr><tr><td>smj</td><td>Lule Sami</td></tr><tr><td>smn</td><td>Inari Sami</td></tr><tr><td>sm</td><td>Samoan</td></tr><tr><td>sms</td><td>Skolt Sami</td></tr><tr><td>sn</td><td>Shona</td></tr><tr><td>sd</td><td>Sindhi</td></tr><tr><td>snk</td><td>Soninke</td></tr><tr><td>so</td><td>Somali</td></tr><tr><td>st</td><td>Southern Sotho</td></tr><tr><td>es</td><td>Spanish</td></tr><tr><td>es-PR</td><td>Spanish (Puerto Rican)</td></tr><tr><td>sq</td><td>Albanian</td></tr><tr><td>sc</td><td>Sardinian</td></tr><tr><td>srn</td><td>Sranan Tongo</td></tr><tr><td>sr</td><td>Serbian</td></tr><tr><td>srr</td><td>Serer</td></tr><tr><td>ss</td><td>Swati</td></tr><tr><td>suk</td><td>Sukuma</td></tr><tr><td>su</td><td>Sundanese</td></tr><tr><td>sus</td><td>Susu</td></tr><tr><td>sw</td><td>Swahili</td></tr><tr><td>sv</td><td>Swedish</td></tr><tr><td>syr</td><td>Syriac</td></tr><tr><td>ty</td><td>Tahitian</td></tr><tr><td>ta</td><td>Tamil</td></tr><tr><td>tt</td><td>Tatar</td></tr><tr><td>te</td><td>Telugu</td></tr><tr><td>tem</td><td>Timne</td></tr><tr><td>ter</td><td>Tereno</td></tr><tr><td>tet</td><td>Tetum</td></tr><tr><td>tg</td><td>Tajik</td></tr><tr><td>tl</td><td>Tagalog</td></tr><tr><td>th</td><td>Thai</td></tr><tr><td>tig</td><td>Tigre</td></tr><tr><td>ti</td><td>Tigrinya</td></tr><tr><td>tiv</td><td>Tiv</td></tr><tr><td>tkl</td><td>Tokelau</td></tr><tr><td>tli</td><td>Tlingit</td></tr><tr><td>tmh</td><td>Tamashek</td></tr><tr><td>tog</td><td>Tonga (Nyasa)</td></tr><tr><td>to</td><td>Tonga (Tonga Islands)</td></tr><tr><td>tpi</td><td>Tok Pisin</td></tr><tr><td>tsi</td><td>Tsimshian</td></tr><tr><td>tn</td><td>Tswana</td></tr><tr><td>ts</td><td>Tsonga</td></tr><tr><td>tk</td><td>Turkmen</td></tr><tr><td>tum</td><td>Tumbuka</td></tr><tr><td>tr</td><td>Turkish</td></tr><tr><td>tvl</td><td>Tuvalu</td></tr><tr><td>tw</td><td>Twi</td></tr><tr><td>tyv</td><td>Tuvinian</td></tr><tr><td>udm</td><td>Udmurt</td></tr><tr><td>ug</td><td>Uighur</td></tr><tr><td>uk</td><td>Ukrainian</td></tr><tr><td>umb</td><td>Umbundu</td></tr><tr><td>ur</td><td>Urdu</td></tr><tr><td>uz</td><td>Uzbek</td></tr><tr><td>vai</td><td>Vai</td></tr><tr><td>ve</td><td>Venda</td></tr><tr><td>vi</td><td>Vietnamese</td></tr><tr><td>vot</td><td>Votic</td></tr><tr><td>wal</td><td>Wolaytta</td></tr><tr><td>war</td><td>Waray (Philippines)</td></tr><tr><td>was</td><td>Washo</td></tr><tr><td>wa</td><td>Walloon</td></tr><tr><td>wo</td><td>Wolof</td></tr><tr><td>xal</td><td>Kalmyk</td></tr><tr><td>xh</td><td>Xhosa</td></tr><tr><td>yao</td><td>Yao</td></tr><tr><td>yap</td><td>Yapese</td></tr><tr><td>yi</td><td>Yiddish</td></tr><tr><td>yo</td><td>Yoruba</td></tr><tr><td>zap</td><td>Zapotec</td></tr><tr><td>zen</td><td>Zenaga</td></tr><tr><td>zgh</td><td>Standard Moroccan Tamazight</td></tr><tr><td>za</td><td>Zhuang</td></tr><tr><td>zh</td><td>Chinese</td></tr><tr><td>zu</td><td>Zulu</td></tr><tr><td>zun</td><td>Zuni</td></tr><tr><td>zza</td><td>Zaza</td></tr></table></li></ul></div>"},"url":"http://saraalert.org/ValueSet/SaraAlertLanguage","version":"1.0.0","name":"SaraAlertLanguage","title":"Sara Alert Language ValueSet","status":"active","date":"2021-12-01T10:26:21-05:00","publisher":"The MITRE Corporation","contact":[{"name":"The MITRE Corporation","telecom":[{"system":"url","value":"http://www.mitre.org"}]}],"description":"This ValueSet lists the allowed values for setting \"Primary Language\" and \"Secondary Language\"\nin Sara Alert. Either the \"Code\" value or the \"Display\" value may be used. In cases where the 2-letter\nISO 639-1 code is listed, the corresponding 3-letter ISO 639-2 code may also be used.","compose":{"include":[{"system":"urn:ietf:bcp:47","concept":[{"code":"aa","display":"Afar"},{"code":"ab","display":"Abkhazian"},{"code":"ace","display":"Achinese"},{"code":"ach","display":"Acoli"},{"code":"ada","display":"Adangme"},{"code":"ady","display":"Adyghe"},{"code":"af","display":"Afrikaans"},{"code":"ain","display":"Ainu (Japan)"},{"code":"ak","display":"Akan"},{"code":"ale","display":"Aleut"},{"code":"alt","display":"Southern Altai"},{"code":"am","display":"Amharic"},{"code":"anp","display":"Angika"},{"code":"ar","display":"Arabic"},{"code":"an","display":"Aragonese"},{"code":"arn","display":"Mapudungun"},{"code":"arp","display":"Arapaho"},{"code":"arw","display":"Arawak"},{"code":"ase","display":"American Sign Language"},{"code":"as","display":"Assamese"},{"code":"ast","display":"Asturian"},{"code":"av","display":"Avaric"},{"code":"awa","display":"Awadhi"},{"code":"ay","display":"Aymara"},{"code":"az","display":"Azerbaijani"},{"code":"ba","display":"Bashkir"},{"code":"bal","display":"Baluchi"},{"code":"bm","display":"Bambara"},{"code":"ban","display":"Balinese"},{"code":"bas","display":"Basa (Cameroon)"},{"code":"bej","display":"Beja"},{"code":"be","display":"Belarusian"},{"code":"bem","display":"Bemba (Zambia)"},{"code":"bn","display":"Bengali"},{"code":"bho","display":"Bhojpuri"},{"code":"bik","display":"Bikol"},{"code":"bin","display":"Bini"},{"code":"bi","display":"Bislama"},{"code":"bla","display":"Siksika"},{"code":"bo","display":"Tibetan"},{"code":"bs","display":"Bosnian"},{"code":"bra","display":"Braj"},{"code":"br","display":"Breton"},{"code":"bua","display":"Buriat"},{"code":"bug","display":"Buginese"},{"code":"bg","display":"Bulgarian"},{"code":"byn","display":"Bilin"},{"code":"cad","display":"Caddo"},{"code":"car","display":"Galibi Carib"},{"code":"ca","display":"Catalan"},{"code":"ceb","display":"Cebuano"},{"code":"cs","display":"Czech"},{"code":"ch","display":"Chamorro"},{"code":"ce","display":"Chechen"},{"code":"chk","display":"Chuukese"},{"code":"chm","display":"Mari (Russia)"},{"code":"chn","display":"Chinook jargon"},{"code":"cho","display":"Choctaw"},{"code":"chp","display":"Chipewyan"},{"code":"chr","display":"Cherokee"},{"code":"cv","display":"Chuvash"},{"code":"chy","display":"Cheyenne"},{"code":"cnr","display":"Montenegrin"},{"code":"kw","display":"Cornish"},{"code":"co","display":"Corsican"},{"code":"cr","display":"Cree"},{"code":"crh","display":"Crimean Tatar"},{"code":"csb","display":"Kashubian"},{"code":"cy","display":"Welsh"},{"code":"dak","display":"Dakota"},{"code":"da","display":"Danish"},{"code":"dar","display":"Dargwa"},{"code":"del","display":"Delaware"},{"code":"den","display":"Slave (Athapascan)"},{"code":"de","display":"German"},{"code":"dgr","display":"Dogrib"},{"code":"din","display":"Dinka"},{"code":"dv","display":"Dhivehi"},{"code":"doi","display":"Dogri"},{"code":"dsb","display":"Lower Sorbian"},{"code":"dua","display":"Duala"},{"code":"dyu","display":"Dyula"},{"code":"dz","display":"Dzongkha"},{"code":"efi","display":"Efik"},{"code":"eka","display":"Ekajuk"},{"code":"el","display":"Greek"},{"code":"en","display":"English"},{"code":"et","display":"Estonian"},{"code":"eu","display":"Basque"},{"code":"ee","display":"Ewe"},{"code":"ewo","display":"Ewondo"},{"code":"fan","display":"Fang (Equatorial Guinea)"},{"code":"fo","display":"Faroese"},{"code":"fa","display":"Persian"},{"code":"fat","display":"Fanti"},{"code":"fj","display":"Fijian"},{"code":"fil","display":"Filipino"},{"code":"fi","display":"Finnish"},{"code":"fon","display":"Fon"},{"code":"fr","display":"French"},{"code":"frr","display":"Northern Frisian"},{"code":"frs","display":"Eastern Frisian"},{"code":"fy","display":"Western Frisian"},{"code":"ff","display":"Fulah"},{"code":"fur","display":"Friulian"},{"code":"gaa","display":"Ga"},{"code":"gay","display":"Gayo"},{"code":"gba","display":"Gbaya (Central African Republic)"},{"code":"gil","display":"Gilbertese"},{"code":"gd","display":"Scottish Gaelic"},{"code":"ga","display":"Irish"},{"code":"gl","display":"Galician"},{"code":"gv","display":"Manx"},{"code":"gon","display":"Gondi"},{"code":"gor","display":"Gorontalo"},{"code":"grb","display":"Grebo"},{"code":"gn","display":"Guarani"},{"code":"gsw","display":"Swiss German"},{"code":"gu","display":"Gujarati"},{"code":"gwi","display":"Gwich'in"},{"code":"hai","display":"Haida"},{"code":"ht","display":"Haitian"},{"code":"ha","display":"Hausa"},{"code":"haw","display":"Hawaiian"},{"code":"he","display":"Hebrew"},{"code":"hz","display":"Herero"},{"code":"hil","display":"Hiligaynon"},{"code":"hi","display":"Hindi"},{"code":"hmn","display":"Hmong"},{"code":"ho","display":"Hiri Motu"},{"code":"hr","display":"Croatian"},{"code":"hsb","display":"Upper Sorbian"},{"code":"hu","display":"Hungarian"},{"code":"hup","display":"Hupa"},{"code":"hy","display":"Armenian"},{"code":"iba","display":"Iban"},{"code":"ig","display":"Igbo"},{"code":"ii","display":"Sichuan Yi"},{"code":"iu","display":"Inuktitut"},{"code":"ilo","display":"Iloko"},{"code":"id","display":"Indonesian"},{"code":"inh","display":"Ingush"},{"code":"ik","display":"Inupiaq"},{"code":"is","display":"Icelandic"},{"code":"it","display":"Italian"},{"code":"jv","display":"Javanese"},{"code":"ja","display":"Japanese"},{"code":"jpr","display":"Judeo-Persian"},{"code":"jrb","display":"Judeo-Arabic"},{"code":"kaa","display":"Kara-Kalpak"},{"code":"kab","display":"Kabyle"},{"code":"kac","display":"Kachin"},{"code":"kl","display":"Kalaallisut"},{"code":"kam","display":"Kamba (Kenya)"},{"code":"kn","display":"Kannada"},{"code":"ks","display":"Kashmiri"},{"code":"ka","display":"Georgian"},{"code":"kr","display":"Kanuri"},{"code":"kk","display":"Kazakh"},{"code":"kbd","display":"Kabardian"},{"code":"kha","display":"Khasi"},{"code":"km","display":"Khmer"},{"code":"ki","display":"Kikuyu"},{"code":"rw","display":"Kinyarwanda"},{"code":"ky","display":"Kirghiz"},{"code":"kmb","display":"Kimbundu"},{"code":"kok","display":"Konkani"},{"code":"kv","display":"Komi"},{"code":"kg","display":"Kongo"},{"code":"ko","display":"Korean"},{"code":"kos","display":"Kosraean"},{"code":"kpe","display":"Kpelle"},{"code":"krc","display":"Karachay-Balkar"},{"code":"krl","display":"Karelian"},{"code":"kru","display":"Kurukh"},{"code":"kj","display":"Kuanyama"},{"code":"kum","display":"Kumyk"},{"code":"ku","display":"Kurdish"},{"code":"kut","display":"Kutenai"},{"code":"lad","display":"Ladino"},{"code":"lah","display":"Lahnda"},{"code":"lam","display":"Lamba"},{"code":"lo","display":"Lao"},{"code":"lv","display":"Latvian"},{"code":"lez","display":"Lezghian"},{"code":"li","display":"Limburgan"},{"code":"ln","display":"Lingala"},{"code":"lt","display":"Lithuanian"},{"code":"lol","display":"Mongo"},{"code":"loz","display":"Lozi"},{"code":"lb","display":"Luxembourgish"},{"code":"lua","display":"Luba-Lulua"},{"code":"lu","display":"Luba-Katanga"},{"code":"lg","display":"Ganda"},{"code":"lun","display":"Lunda"},{"code":"luo","display":"Luo (Kenya and Tanzania)"},{"code":"lus","display":"Lushai"},{"code":"mad","display":"Madurese"},{"code":"mag","display":"Magahi"},{"code":"mh","display":"Marshallese"},{"code":"mai","display":"Maithili"},{"code":"mak","display":"Makasar"},{"code":"ml","display":"Malayalam"},{"code":"man","display":"Mandingo"},{"code":"mr","display":"Marathi"},{"code":"mas","display":"Masai"},{"code":"mdf","display":"Moksha"},{"code":"mdr","display":"Mandar"},{"code":"men","display":"Mende (Sierra Leone)"},{"code":"mic","display":"Mi'kmaq"},{"code":"min","display":"Minangkabau"},{"code":"mk","display":"Macedonian"},{"code":"mg","display":"Malagasy"},{"code":"mt","display":"Maltese"},{"code":"mnc","display":"Manchu"},{"code":"mni","display":"Manipuri"},{"code":"moh","display":"Mohawk"},{"code":"mn","display":"Mongolian"},{"code":"mos","display":"Mossi"},{"code":"mi","display":"Maori"},{"code":"ms","display":"Malay"},{"code":"mus","display":"Creek"},{"code":"mwl","display":"Mirandese"},{"code":"mwr","display":"Marwari"},{"code":"my","display":"Burmese"},{"code":"myv","display":"Erzya"},{"code":"nap","display":"Neapolitan"},{"code":"na","display":"Nauru"},{"code":"nv","display":"Navajo"},{"code":"nr","display":"South Ndebele"},{"code":"nd","display":"North Ndebele"},{"code":"ng","display":"Ndonga"},{"code":"nds","display":"Low German"},{"code":"ne","display":"Nepali"},{"code":"new","display":"Newari"},{"code":"nia","display":"Nias"},{"code":"niu","display":"Niuean"},{"code":"nl","display":"Dutch"},{"code":"nn","display":"Norwegian Nynorsk"},{"code":"nb","display":"Norwegian Bokmål"},{"code":"nog","display":"Nogai"},{"code":"no","display":"Norwegian"},{"code":"nqo","display":"N'Ko"},{"code":"nso","display":"Pedi"},{"code":"ny","display":"Nyanja"},{"code":"nym","display":"Nyamwezi"},{"code":"nyn","display":"Nyankole"},{"code":"nyo","display":"Nyoro"},{"code":"nzi","display":"Nzima"},{"code":"oc","display":"Occitan"},{"code":"oj","display":"Ojibwa"},{"code":"or","display":"Oriya"},{"code":"om","display":"Oromo"},{"code":"osa","display":"Osage"},{"code":"os","display":"Ossetian"},{"code":"pag","display":"Pangasinan"},{"code":"pam","display":"Pampanga"},{"code":"pa","display":"Panjabi"},{"code":"pap","display":"Papiamento"},{"code":"pau","display":"Palauan"},{"code":"pl","display":"Polish"},{"code":"pon","display":"Pohnpeian"},{"code":"pt","display":"Portuguese"},{"code":"ps","display":"Pushto"},{"code":"qu","display":"Quechua"},{"code":"raj","display":"Rajasthani"},{"code":"rap","display":"Rapanui"},{"code":"rar","display":"Rarotongan"},{"code":"rm","display":"Romansh"},{"code":"rom","display":"Romany"},{"code":"ro","display":"Romanian"},{"code":"rn","display":"Rundi"},{"code":"rup","display":"Macedo-Romanian"},{"code":"ru","display":"Russian"},{"code":"sad","display":"Sandawe"},{"code":"sg","display":"Sango"},{"code":"sah","display":"Yakut"},{"code":"sas","display":"Sasak"},{"code":"sat","display":"Santali"},{"code":"scn","display":"Sicilian"},{"code":"sco","display":"Scots"},{"code":"sel","display":"Selkup"},{"code":"shn","display":"Shan"},{"code":"sid","display":"Sidamo"},{"code":"si","display":"Sinhala"},{"code":"sk","display":"Slovak"},{"code":"sl","display":"Slovenian"},{"code":"sma","display":"Southern Sami"},{"code":"se","display":"Northern Sami"},{"code":"smj","display":"Lule Sami"},{"code":"smn","display":"Inari Sami"},{"code":"sm","display":"Samoan"},{"code":"sms","display":"Skolt Sami"},{"code":"sn","display":"Shona"},{"code":"sd","display":"Sindhi"},{"code":"snk","display":"Soninke"},{"code":"so","display":"Somali"},{"code":"st","display":"Southern Sotho"},{"code":"es","display":"Spanish"},{"code":"es-PR","display":"Spanish (Puerto Rican)"},{"code":"sq","display":"Albanian"},{"code":"sc","display":"Sardinian"},{"code":"srn","display":"Sranan Tongo"},{"code":"sr","display":"Serbian"},{"code":"srr","display":"Serer"},{"code":"ss","display":"Swati"},{"code":"suk","display":"Sukuma"},{"code":"su","display":"Sundanese"},{"code":"sus","display":"Susu"},{"code":"sw","display":"Swahili"},{"code":"sv","display":"Swedish"},{"code":"syr","display":"Syriac"},{"code":"ty","display":"Tahitian"},{"code":"ta","display":"Tamil"},{"code":"tt","display":"Tatar"},{"code":"te","display":"Telugu"},{"code":"tem","display":"Timne"},{"code":"ter","display":"Tereno"},{"code":"tet","display":"Tetum"},{"code":"tg","display":"Tajik"},{"code":"tl","display":"Tagalog"},{"code":"th","display":"Thai"},{"code":"tig","display":"Tigre"},{"code":"ti","display":"Tigrinya"},{"code":"tiv","display":"Tiv"},{"code":"tkl","display":"Tokelau"},{"code":"tli","display":"Tlingit"},{"code":"tmh","display":"Tamashek"},{"code":"tog","display":"Tonga (Nyasa)"},{"code":"to","display":"Tonga (Tonga Islands)"},{"code":"tpi","display":"Tok Pisin"},{"code":"tsi","display":"Tsimshian"},{"code":"tn","display":"Tswana"},{"code":"ts","display":"Tsonga"},{"code":"tk","display":"Turkmen"},{"code":"tum","display":"Tumbuka"},{"code":"tr","display":"Turkish"},{"code":"tvl","display":"Tuvalu"},{"code":"tw","display":"Twi"},{"code":"tyv","display":"Tuvinian"},{"code":"udm","display":"Udmurt"},{"code":"ug","display":"Uighur"},{"code":"uk","display":"Ukrainian"},{"code":"umb","display":"Umbundu"},{"code":"ur","display":"Urdu"},{"code":"uz","display":"Uzbek"},{"code":"vai","display":"Vai"},{"code":"ve","display":"Venda"},{"code":"vi","display":"Vietnamese"},{"code":"vot","display":"Votic"},{"code":"wal","display":"Wolaytta"},{"code":"war","display":"Waray (Philippines)"},{"code":"was","display":"Washo"},{"code":"wa","display":"Walloon"},{"code":"wo","display":"Wolof"},{"code":"xal","display":"Kalmyk"},{"code":"xh","display":"Xhosa"},{"code":"yao","display":"Yao"},{"code":"yap","display":"Yapese"},{"code":"yi","display":"Yiddish"},{"code":"yo","display":"Yoruba"},{"code":"zap","display":"Zapotec"},{"code":"zen","display":"Zenaga"},{"code":"zgh","display":"Standard Moroccan Tamazight"},{"code":"za","display":"Zhuang"},{"code":"zh","display":"Chinese"},{"code":"zu","display":"Zulu"},{"code":"zun","display":"Zuni"},{"code":"zza","display":"Zaza"}]}]}}