{"resourceType":"ValueSet","id":"covid-19-vaccines","text":{"status":"extensions","div":"<div xmlns=\"http://www.w3.org/1999/xhtml\"><p>This value set includes codes based on the following rules:</p><ul><li>Include these codes as defined in <a href=\"http://terminology.hl7.org/2.0.0/CodeSystem-CVX.html\"><code>http://hl7.org/fhir/sid/cvx</code></a><table class=\"none\"><tr><td style=\"white-space:nowrap\"><b>Code</b></td><td><b>Display</b></td></tr><tr><td>207</td><td>Moderna COVID-19 Vaccine</td></tr><tr><td>208</td><td>Pfizer COVID-19 Vaccine</td></tr><tr><td>212</td><td>Janssen COVID-19 Vaccine</td></tr></table></li><li>Include these codes as defined in <a href=\"http://terminology.hl7.org/2.0.0/CodeSystem-v3-NullFlavor.html\"><code>http://terminology.hl7.org/CodeSystem/v3-NullFlavor</code></a><table class=\"none\"><tr><td style=\"white-space:nowrap\"><b>Code</b></td><td><b>Display</b></td><td><b>Definition</b></td></tr><tr><td><a href=\"http://terminology.hl7.org/2.0.0/CodeSystem-v3-NullFlavor.html#v3-NullFlavor-UNK\">UNK</a></td><td>unknown</td><td>**Description:**A proper value is applicable, but not known.<br/><br/>**Usage Notes**: This means the actual value is not known. If the only thing that is unknown is how to properly express the value in the necessary constraints (value set, datatype, etc.), then the OTH or UNC flavor should be used. No properties should be included for a datatype with this property unless:<br/><br/>1.  Those properties themselves directly translate to a semantic of &quot;unknown&quot;. (E.g. a local code sent as a translation that conveys 'unknown')<br/>2.  Those properties further qualify the nature of what is unknown. (E.g. specifying a use code of &quot;H&quot; and a URL prefix of &quot;tel:&quot; to convey that it is the home phone number that is unknown.)</td></tr></table></li></ul></div>"},"url":"http://saraalert.org/ValueSet/covid-19-vaccines","version":"1.0.0","name":"COVID19VaccinesValueSet","title":"COVID-19 Vaccines Value Set","status":"active","date":"2021-09-07T08:24:04-04:00","publisher":"The MITRE Corporation","contact":[{"name":"The MITRE Corporation","telecom":[{"system":"url","value":"http://www.mitre.org"}]}],"compose":{"include":[{"system":"http://hl7.org/fhir/sid/cvx","concept":[{"code":"207","display":"Moderna COVID-19 Vaccine"},{"code":"208","display":"Pfizer COVID-19 Vaccine"},{"code":"212","display":"Janssen COVID-19 Vaccine"}]},{"system":"http://terminology.hl7.org/CodeSystem/v3-NullFlavor","concept":[{"code":"UNK","display":"unknown"}]}]}}